date,transactions_bitcoin,transactions_ethereum
2015-08-07,111345,2050
2015-08-08,101512,2881
2015-08-09,90534,1329
2015-08-10,116841,2037
2015-08-11,114741,4963
2015-08-12,117898,2036
2015-08-13,117507,2842
2015-08-14,111255,3174
2015-08-15,94944,2284
2015-08-16,89498,2440
2015-08-17,115049,2512
2015-08-18,119798,2494
2015-08-19,120151,3246
2015-08-20,118230,2303
2015-08-21,113792,3919
2015-08-22,105665,3579
2015-08-23,94529,4190
2015-08-24,125368,4432
2015-08-25,121973,4487
2015-08-26,122852,4156
2015-08-27,120079,5590
2015-08-28,120385,4758
2015-08-29,107489,4139
2015-08-30,98339,4572
2015-08-31,127260,5196
2015-09-01,130410,5153
2015-09-02,150066,5195
2015-09-03,128682,4777
2015-09-04,103973,5642
2015-09-05,124218,5519
2015-09-06,106293,5521
2015-09-07,125467,5702
2015-09-08,125379,5622
2015-09-09,126457,5604
2015-09-10,124951,5341
2015-09-11,180002,6460
2015-09-12,137740,5596
2015-09-13,146048,6057
2015-09-14,166715,5572
2015-09-15,162999,5409
2015-09-16,167269,5872
2015-09-17,259279,5368
2015-09-18,161504,5802
2015-09-19,114851,5205
2015-09-20,109158,6402
2015-09-21,131679,6305
2015-09-22,136784,6804
2015-09-23,131400,7404
2015-09-24,125367,6224
2015-09-25,128166,5851
2015-09-26,115622,5907
2015-09-27,108749,5760
2015-09-28,138570,6123
2015-09-29,140664,5738
2015-09-30,139848,5870
2015-10-01,134327,6421
2015-10-02,139746,6063
2015-10-03,119567,6112
2015-10-04,103531,6624
2015-10-05,125548,6279
2015-10-06,144510,6458
2015-10-07,134931,7121
2015-10-08,140348,6926
2015-10-09,114644,6763
2015-10-10,127005,6529
2015-10-11,104550,6023
2015-10-12,134410,6593
2015-10-13,134878,6818
2015-10-14,141985,6830
2015-10-15,153495,6499
2015-10-16,143286,6795
2015-10-17,135911,6567
2015-10-18,119706,6481
2015-10-19,143969,6604
2015-10-20,146349,5897
2015-10-21,150199,6182
2015-10-22,147402,5979
2015-10-23,143468,6888
2015-10-24,140128,6361
2015-10-25,131488,5830
2015-10-26,116400,5938
2015-10-27,153740,6784
2015-10-28,160175,7346
2015-10-29,161062,7836
2015-10-30,166695,7941
2015-10-31,155400,7557
2015-11-01,152488,6915
2015-11-02,172108,6558
2015-11-03,186362,7399
2015-11-04,204198,7037
2015-11-05,182809,7498
2015-11-06,166893,7882
2015-11-07,151497,10996
2015-11-08,132550,12413
2015-11-09,159836,7689
2015-11-10,161962,8151
2015-11-11,158929,10217
2015-11-12,157847,9534
2015-11-13,154827,7891
2015-11-14,150474,7211
2015-11-15,143369,7170
2015-11-16,158316,7442
2015-11-17,156688,7145
2015-11-18,165269,7373
2015-11-19,154483,8876
2015-11-20,155774,6348
2015-11-21,151035,6822
2015-11-22,129659,7083
2015-11-23,145272,8260
2015-11-24,152324,7152
2015-11-25,151861,7098
2015-11-26,164671,7278
2015-11-27,160235,6639
2015-11-28,165676,6817
2015-11-29,129850,6853
2015-11-30,182648,8986
2015-12-01,178112,6794
2015-12-02,183523,6502
2015-12-03,164774,6971
2015-12-04,173586,6898
2015-12-05,186194,6784
2015-12-06,179712,9103
2015-12-07,192830,7141
2015-12-08,195221,6697
2015-12-09,220323,7001
2015-12-10,212036,7444
2015-12-11,210259,8105
2015-12-12,204141,8205
2015-12-13,189914,7426
2015-12-14,231477,15550
2015-12-15,223998,21098
2015-12-16,220420,10304
2015-12-17,216297,9612
2015-12-18,213847,9032
2015-12-19,213876,9314
2015-12-20,193847,9879
2015-12-21,229444,12063
2015-12-22,222717,21027
2015-12-23,221075,22740
2015-12-24,210228,13494
2015-12-25,180383,9521
2015-12-26,179363,10726
2015-12-27,160271,21867
2015-12-28,173129,12368
2015-12-29,184618,11358
2015-12-30,176447,21767
2015-12-31,155362,10301
2016-01-01,124092,8233
2016-01-02,149038,9164
2016-01-03,142608,9258
2016-01-04,181354,9474
2016-01-05,182371,16430
2016-01-06,172090,17074
2016-01-07,190234,22075
2016-01-08,181407,10919
2016-01-09,179968,11793
2016-01-10,161317,10320
2016-01-11,191196,10893
2016-01-12,194874,10862
2016-01-13,188131,17665
2016-01-14,183182,10653
2016-01-15,183642,9875
2016-01-16,191300,10664
2016-01-17,204128,9747
2016-01-18,213905,12916
2016-01-19,186858,13420
2016-01-20,209071,10610
2016-01-21,222743,10734
2016-01-22,213683,13848
2016-01-23,190400,11025
2016-01-24,201425,12798
2016-01-25,222150,17121
2016-01-26,230523,16511
2016-01-27,229677,18747
2016-01-28,225025,16765
2016-01-29,224394,16395
2016-01-30,194794,14661
2016-01-31,176045,14166
2016-02-01,222398,14199
2016-02-02,241722,14291
2016-02-03,191224,14274
2016-02-04,200661,14371
2016-02-05,225488,15249
2016-02-06,224156,31418
2016-02-07,212190,14264
2016-02-08,224755,14719
2016-02-09,231240,15517
2016-02-10,235527,17141
2016-02-11,220934,21440
2016-02-12,202527,18109
2016-02-13,184675,19327
2016-02-14,186088,16624
2016-02-15,220349,17159
2016-02-16,215940,17549
2016-02-17,227235,19990
2016-02-18,212979,16969
2016-02-19,217436,18412
2016-02-20,215728,16714
2016-02-21,206617,17119
2016-02-22,237696,18190
2016-02-23,244748,18482
2016-02-24,224927,19540
2016-02-25,216290,19503
2016-02-26,203635,21068
2016-02-27,182177,18981
2016-02-28,233436,19063
2016-02-29,265320,20358
2016-03-01,277094,21778
2016-03-02,270206,23562
2016-03-03,221652,24837
2016-03-04,207485,24287
2016-03-05,234992,27115
2016-03-06,161739,27661
2016-03-07,183255,23271
2016-03-08,200298,24105
2016-03-09,190388,24557
2016-03-10,188726,24814
2016-03-11,189816,23124
2016-03-12,168013,27887
2016-03-13,149803,28127
2016-03-14,191341,28528
2016-03-15,202426,29273
2016-03-16,211992,27596
2016-03-17,208319,33531
2016-03-18,206022,31821
2016-03-19,177478,34779
2016-03-20,178143,32447
2016-03-21,199006,32511
2016-03-22,205208,32890
2016-03-23,186808,31786
2016-03-24,190094,36947
2016-03-25,172309,36762
2016-03-26,159049,36646
2016-03-27,160266,29974
2016-03-28,196080,33613
2016-03-29,197409,33915
2016-03-30,201028,36767
2016-03-31,206476,32259
2016-04-01,211922,33320
2016-04-02,183503,29358
2016-04-03,178429,29588
2016-04-04,208929,34907
2016-04-05,216176,39173
2016-04-06,219290,32078
2016-04-07,218463,31893
2016-04-08,214191,34010
2016-04-09,196441,31923
2016-04-10,186954,32237
2016-04-11,230040,30327
2016-04-12,240206,34673
2016-04-13,223506,36051
2016-04-14,227928,34781
2016-04-15,212178,34959
2016-04-16,182004,30483
2016-04-17,192428,40203
2016-04-18,220395,33513
2016-04-19,226511,32622
2016-04-20,216780,32944
2016-04-21,212795,37181
2016-04-22,210976,31678
2016-04-23,185216,31845
2016-04-24,183155,34046
2016-04-25,217564,35430
2016-04-26,250744,32582
2016-04-27,239435,33847
2016-04-28,247957,34343
2016-04-29,261884,37332
2016-04-30,215712,45769
2016-05-01,191430,39578
2016-05-02,223785,41748
2016-05-03,235609,37821
2016-05-04,233691,37484
2016-05-05,229573,38707
2016-05-06,233232,41271
2016-05-07,202062,35864
2016-05-08,189025,40063
2016-05-09,226449,38560
2016-05-10,245721,40684
2016-05-11,234412,40811
2016-05-12,228409,45002
2016-05-13,232146,47739
2016-05-14,211280,45745
2016-05-15,200171,43073
2016-05-16,239809,37424
2016-05-17,238626,40309
2016-05-18,235083,46033
2016-05-19,219145,44523
2016-05-20,209396,45177
2016-05-21,191461,43621
2016-05-22,184348,38895
2016-05-23,222754,43806
2016-05-24,246517,42911
2016-05-25,247841,46443
2016-05-26,220091,51147
2016-05-27,215296,49006
2016-05-28,193054,70148
2016-05-29,178742,45890
2016-05-30,211368,42927
2016-05-31,215249,44386
2016-06-01,234384,42221
2016-06-02,231099,39666
2016-06-03,234669,39834
2016-06-04,196665,37875
2016-06-05,189802,37896
2016-06-06,221171,38957
2016-06-07,231016,46141
2016-06-08,229933,40433
2016-06-09,236353,39854
2016-06-10,228367,40145
2016-06-11,213159,36901
2016-06-12,210711,42581
2016-06-13,251354,46185
2016-06-14,246829,50335
2016-06-15,259202,43251
2016-06-16,267870,43392
2016-06-17,253752,66558
2016-06-18,235317,63083
2016-06-19,218298,51035
2016-06-20,249334,47118
2016-06-21,248164,47323
2016-06-22,235641,48615
2016-06-23,241300,41908
2016-06-24,237625,45331
2016-06-25,206919,36684
2016-06-26,181348,41613
2016-06-27,217029,39663
2016-06-28,212607,43089
2016-06-29,224112,49897
2016-06-30,231960,63952
2016-07-01,205801,40085
2016-07-02,198875,39257
2016-07-03,177127,39757
2016-07-04,213900,39950
2016-07-05,214959,39270
2016-07-06,214691,37900
2016-07-07,215548,40433
2016-07-08,210701,42506
2016-07-09,185405,40410
2016-07-10,162608,39358
2016-07-11,218089,38582
2016-07-12,219034,40811
2016-07-13,216503,35740
2016-07-14,217695,42809
2016-07-15,216081,41110
2016-07-16,182192,38062
2016-07-17,171013,33914
2016-07-18,222835,39198
2016-07-19,222146,44184
2016-07-20,227429,50631
2016-07-21,217606,44882
2016-07-22,221404,48458
2016-07-23,195796,45006
2016-07-24,183890,58215
2016-07-25,239715,54856
2016-07-26,237673,61930
2016-07-27,235603,53035
2016-07-28,234863,48555
2016-07-29,231414,47243
2016-07-30,199484,42011
2016-07-31,192254,48749
2016-08-01,225049,45978
2016-08-02,251098,49041
2016-08-03,241782,49475
2016-08-04,231835,46761
2016-08-05,228244,43212
2016-08-06,195669,41487
2016-08-07,192414,42955
2016-08-08,235295,42984
2016-08-09,231400,47057
2016-08-10,244740,46290
2016-08-11,254515,48171
2016-08-12,232973,44400
2016-08-13,214569,41088
2016-08-14,200174,40577
2016-08-15,202896,42302
2016-08-16,254431,48949
2016-08-17,238003,44867
2016-08-18,239541,47799
2016-08-19,246095,42948
2016-08-20,208224,41318
2016-08-21,184904,42543
2016-08-22,228373,44250
2016-08-23,239021,48430
2016-08-24,235130,46821
2016-08-25,234009,49868
2016-08-26,226767,47292
2016-08-27,191098,47938
2016-08-28,174489,42607
2016-08-29,225282,45510
2016-08-30,252002,46979
2016-08-31,225360,45846
2016-09-01,237466,47491
2016-09-02,225856,55413
2016-09-03,182204,44792
2016-09-04,183244,48128
2016-09-05,227683,42667
2016-09-06,232118,49102
2016-09-07,250809,48701
2016-09-08,227006,55970
2016-09-09,220534,53918
2016-09-10,193320,42875
2016-09-11,180391,43345
2016-09-12,208649,45123
2016-09-13,239886,42591
2016-09-14,231800,53859
2016-09-15,233488,52622
2016-09-16,211128,57532
2016-09-17,215529,46882
2016-09-18,191603,37893
2016-09-19,223540,40505
2016-09-20,244315,54067
2016-09-21,239216,44549
2016-09-22,231227,52657
2016-09-23,223187,35219
2016-09-24,208650,43418
2016-09-25,195642,38713
2016-09-26,230769,43514
2016-09-27,240335,46817
2016-09-28,234995,42797
2016-09-29,242730,40416
2016-09-30,250943,35836
2016-10-01,213930,53076
2016-10-02,192683,51105
2016-10-03,258805,47672
2016-10-04,264662,56662
2016-10-05,266811,41719
2016-10-06,274486,36826
2016-10-07,266324,43708
2016-10-08,250672,37690
2016-10-09,210548,43940
2016-10-10,222996,44940
2016-10-11,263565,41053
2016-10-12,233440,30002
2016-10-13,229703,32244
2016-10-14,239724,42006
2016-10-15,210448,33662
2016-10-16,197876,34990
2016-10-17,237232,38136
2016-10-18,251521,51898
2016-10-19,199083,38497
2016-10-20,270380,43438
2016-10-21,265355,57780
2016-10-22,216708,37772
2016-10-23,191578,35364
2016-10-24,226980,52547
2016-10-25,237030,47610
2016-10-26,223316,45158
2016-10-27,326388,44353
2016-10-28,250876,41522
2016-10-29,229689,40011
2016-10-30,207982,39435
2016-10-31,241778,45031
2016-11-01,246650,49025
2016-11-02,268418,43519
2016-11-03,271998,42346
2016-11-04,248043,32572
2016-11-05,238215,37690
2016-11-06,225786,34391
2016-11-07,274281,41941
2016-11-08,296060,41569
2016-11-09,270095,40517
2016-11-10,271374,40164
2016-11-11,254619,41070
2016-11-12,228886,40882
2016-11-13,219657,43673
2016-11-14,270506,43876
2016-11-15,280352,45330
2016-11-16,289789,41684
2016-11-17,277460,40738
2016-11-18,275925,43785
2016-11-19,249760,39289
2016-11-20,243591,42125
2016-11-21,285793,42735
2016-11-22,285635,53585
2016-11-23,276924,64289
2016-11-24,328538,36861
2016-11-25,315387,58075
2016-11-26,277608,40804
2016-11-27,237389,44449
2016-11-28,298530,48388
2016-11-29,289650,47036
2016-11-30,292654,39178
2016-12-01,239682,37121
2016-12-02,315478,41642
2016-12-03,287988,41357
2016-12-04,245650,39643
2016-12-05,278001,41613
2016-12-06,319762,48200
2016-12-07,310754,41757
2016-12-08,282711,39587
2016-12-09,268815,41444
2016-12-10,250241,40564
2016-12-11,229933,39164
2016-12-12,268662,38741
2016-12-13,291757,44664
2016-12-14,286328,47294
2016-12-15,282685,46102
2016-12-16,279361,43953
2016-12-17,238130,39442
2016-12-18,235789,36640
2016-12-19,282129,45599
2016-12-20,296473,44241
2016-12-21,325677,50793
2016-12-22,314644,55173
2016-12-23,304997,44391
2016-12-24,240820,37757
2016-12-25,197364,36601
2016-12-26,244914,34565
2016-12-27,296546,42370
2016-12-28,305394,43386
2016-12-29,304605,46546
2016-12-30,286818,44561
2016-12-31,250273,41220
2017-01-01,180502,38730
2017-01-02,290951,39652
2017-01-03,301664,45883
2017-01-04,328642,50673
2017-01-05,288501,49596
2017-01-06,346405,43804
2017-01-07,282060,43622
2017-01-08,260101,42727
2017-01-09,269947,46188
2017-01-10,323888,48179
2017-01-11,303058,45221
2017-01-12,295125,50589
2017-01-13,272747,50833
2017-01-14,242269,42044
2017-01-15,235999,41748
2017-01-16,267640,45375
2017-01-17,292697,46671
2017-01-18,297100,44994
2017-01-19,300605,43628
2017-01-20,298377,45775
2017-01-21,263562,43302
2017-01-22,236886,47432
2017-01-23,235530,46076
2017-01-24,278177,50414
2017-01-25,304727,46256
2017-01-26,313755,46856
2017-01-27,263332,46680
2017-01-28,246395,45189
2017-01-29,241627,42509
2017-01-30,247408,45369
2017-01-31,307683,43649
2017-02-01,350560,44541
2017-02-02,259559,43709
2017-02-03,323563,42778
2017-02-04,284778,45410
2017-02-05,292101,46542
2017-02-06,230027,47306
2017-02-07,325268,51866
2017-02-08,308316,51089
2017-02-09,346544,47873
2017-02-10,301789,52222
2017-02-11,262686,46560
2017-02-12,237744,45319
2017-02-13,288290,55990
2017-02-14,315084,58298
2017-02-15,294786,55320
2017-02-16,283203,49674
2017-02-17,319767,49406
2017-02-18,286143,49398
2017-02-19,251721,48227
2017-02-20,282728,50152
2017-02-21,279090,58434
2017-02-22,282194,50372
2017-02-23,325913,47601
2017-02-24,343805,54081
2017-02-25,326521,53245
2017-02-26,265203,51716
2017-02-27,284555,52642
2017-02-28,325414,60277
2017-03-01,315883,59774
2017-03-02,329428,70779
2017-03-03,337310,64294
2017-03-04,265780,58756
2017-03-05,280739,57031
2017-03-06,287731,57020
2017-03-07,327902,62589
2017-03-08,297108,55386
2017-03-09,303632,64266
2017-03-10,308482,65132
2017-03-11,280681,64803
2017-03-12,221110,66646
2017-03-13,273079,81718
2017-03-14,310395,77155
2017-03-15,292434,81205
2017-03-16,327034,109950
2017-03-17,292196,106635
2017-03-18,263530,89920
2017-03-19,269336,84599
2017-03-20,277033,80264
2017-03-21,288055,84298
2017-03-22,316593,78821
2017-03-23,287871,82434
2017-03-24,289521,87775
2017-03-25,242975,84394
2017-03-26,221915,79534
2017-03-27,232291,94570
2017-03-28,294001,84348
2017-03-29,283931,93064
2017-03-30,288788,96209
2017-03-31,259403,103102
2017-04-01,255871,80572
2017-04-02,244203,88948
2017-04-03,288141,100221
2017-04-04,256015,86279
2017-04-05,316555,87411
2017-04-06,290465,95177
2017-04-07,295463,92846
2017-04-08,226959,72144
2017-04-09,238286,74557
2017-04-10,273384,75487
2017-04-11,307893,75891
2017-04-12,278093,80347
2017-04-13,228679,84124
2017-04-14,290208,81155
2017-04-15,270705,74820
2017-04-16,211829,70634
2017-04-17,245184,72546
2017-04-18,303091,83303
2017-04-19,310104,85734
2017-04-20,267915,85450
2017-04-21,330354,81278
2017-04-22,268712,73539
2017-04-23,245039,77073
2017-04-24,222671,80531
2017-04-25,325387,93033
2017-04-26,334471,89642
2017-04-27,297884,104494
2017-04-28,305271,106193
2017-04-29,341319,91335
2017-04-30,281489,95202
2017-05-01,294786,112202
2017-05-02,333161,110354
2017-05-03,295149,97334
2017-05-04,354737,114877
2017-05-05,267193,108514
2017-05-06,363022,95014
2017-05-07,316011,106631
2017-05-08,365096,117509
2017-05-09,332879,112933
2017-05-10,311391,109673
2017-05-11,294743,117189
2017-05-12,317698,107241
2017-05-13,329266,101332
2017-05-14,369098,101348
2017-05-15,329229,122792
2017-05-16,233977,116341
2017-05-17,317527,140135
2017-05-18,288904,137409
2017-05-19,319502,161568
2017-05-20,352805,130912
2017-05-21,326057,149699
2017-05-22,327868,176255
2017-05-23,367710,187121
2017-05-24,338642,187293
2017-05-25,350114,183010
2017-05-26,333340,169818
2017-05-27,331914,149450
2017-05-28,308143,155271
2017-05-29,321638,158547
2017-05-30,347961,193618
2017-05-31,321634,214126
2017-06-01,319709,199160
2017-06-02,271539,194911
2017-06-03,305320,175666
2017-06-04,266044,180136
2017-06-05,289930,190305
2017-06-06,297416,200523
2017-06-07,339720,207180
2017-06-08,307377,187700
2017-06-09,282184,215831
2017-06-10,254993,213356
2017-06-11,222892,240490
2017-06-12,269098,292941
2017-06-13,291776,280054
2017-06-14,287644,250410
2017-06-15,293141,261617
2017-06-16,269937,248003
2017-06-17,236554,242022
2017-06-18,209359,245957
2017-06-19,269774,286209
2017-06-20,269438,308488
2017-06-21,280203,221289
2017-06-22,269685,284225
2017-06-23,259938,276012
2017-06-24,227127,250570
2017-06-25,180719,231135
2017-06-26,261906,316788
2017-06-27,259737,252995
2017-06-28,279811,274241
2017-06-29,231054,263791
2017-06-30,267360,252652
2017-07-01,221856,240465
2017-07-02,196539,248617
2017-07-03,253244,302032
2017-07-04,255483,281465
2017-07-05,237008,271606
2017-07-06,225106,258791
2017-07-07,243614,295389
2017-07-08,220835,248142
2017-07-09,188124,225189
2017-07-10,251722,302633
2017-07-11,265759,291677
2017-07-12,257138,283828
2017-07-13,245895,260745
2017-07-14,227903,249381
2017-07-15,221851,231961
2017-07-16,203165,249138
2017-07-17,230315,248473
2017-07-18,260575,271055
2017-07-19,253768,270122
2017-07-20,230199,250065
2017-07-21,268443,232560
2017-07-22,223358,205574
2017-07-23,181031,260490
2017-07-24,240072,263095
2017-07-25,244036,242956
2017-07-26,237853,223010
2017-07-27,225369,225435
2017-07-28,247207,246494
2017-07-29,211134,198773
2017-07-30,184145,206624
2017-07-31,231012,250090
2017-08-01,131875,218582
2017-08-02,209321,231068
2017-08-03,213017,236335
2017-08-04,235792,257160
2017-08-05,239771,261400
2017-08-06,199627,265127
2017-08-07,249002,281172
2017-08-08,275574,318866
2017-08-09,260955,280308
2017-08-10,257965,338241
2017-08-11,284001,356682
2017-08-12,260521,338654
2017-08-13,263310,333011
2017-08-14,255362,410061
2017-08-15,311002,413246
2017-08-16,274866,413624
2017-08-17,347319,428007
2017-08-18,312250,443356
2017-08-19,266832,377418
2017-08-20,210852,309926
2017-08-21,236772,392880
2017-08-22,196283,364727
2017-08-23,315734,374711
2017-08-24,203805,352465
2017-08-25,208169,352621
2017-08-26,226485,306268
2017-08-27,261891,324173
2017-08-28,223771,363799
2017-08-29,281116,394649
2017-08-30,271466,400220
2017-08-31,280724,384421
2017-09-01,283670,390997
2017-09-02,236811,331797
2017-09-03,195289,302525
2017-09-04,269280,442592
2017-09-05,277948,444572
2017-09-06,276225,496376
2017-09-07,256374,448347
2017-09-08,279488,463670
2017-09-09,217890,383654
2017-09-10,193240,325128
2017-09-11,253492,365384
2017-09-12,256230,404898
2017-09-13,263320,365679
2017-09-14,268068,380251
2017-09-15,292079,441767
2017-09-16,228257,373764
2017-09-17,197683,289517
2017-09-18,218204,362764
2017-09-19,282917,337752
2017-09-20,235723,324984
2017-09-21,255257,317074
2017-09-22,227615,271470
2017-09-23,203861,260107
2017-09-24,185277,280929
2017-09-25,226603,306614
2017-09-26,263648,306075
2017-09-27,257961,309047
2017-09-28,275976,329208
2017-09-29,254438,326502
2017-09-30,212678,295798
2017-10-01,203653,283871
2017-10-02,295002,306095
2017-10-03,282132,327906
2017-10-04,232826,307399
2017-10-05,273243,314808
2017-10-06,283699,319882
2017-10-07,231226,291091
2017-10-08,238385,296829
2017-10-09,296946,328172
2017-10-10,303101,349605
2017-10-11,292459,344305
2017-10-12,293164,363411
2017-10-13,309819,379136
2017-10-14,293140,332169
2017-10-15,283473,328921
2017-10-16,314725,408297
2017-10-17,334438,505611
2017-10-18,329579,470449
2017-10-19,356985,494184
2017-10-20,312409,546837
2017-10-21,312257,462902
2017-10-22,289131,435493
2017-10-23,316096,468168
2017-10-24,347220,492288
2017-10-25,315415,460419
2017-10-26,265827,466406
2017-10-27,246692,486147
2017-10-28,207066,484554
2017-10-29,334025,494176
2017-10-30,316077,532626
2017-10-31,277535,519906
2017-11-01,351529,527783
2017-11-02,341474,529277
2017-11-03,277598,485790
2017-11-04,294121,398758
2017-11-05,251728,417102
2017-11-06,271029,511663
2017-11-07,335636,470418
2017-11-08,301346,480413
2017-11-09,341281,467172
2017-11-10,271745,457427
2017-11-11,194634,394378
2017-11-12,185966,434380
2017-11-13,309299,443176
2017-11-14,271995,475984
2017-11-15,321788,540593
2017-11-16,310396,491482
2017-11-17,306617,508590
2017-11-18,270874,459679
2017-11-19,264855,464563
2017-11-20,336204,530141
2017-11-21,371091,524044
2017-11-22,312033,546489
2017-11-23,352207,537068
2017-11-24,305735,525529
2017-11-25,336689,561166
2017-11-26,329677,542484
2017-11-27,379256,608695
2017-11-28,365977,638989
2017-11-29,398090,663579
2017-11-30,384386,655457
2017-12-01,412908,622720
2017-12-02,326354,627785
2017-12-03,353044,693808
2017-12-04,400686,701834
2017-12-05,405709,693090
2017-12-06,443587,791746
2017-12-07,374917,659068
2017-12-08,385092,766411
2017-12-09,403399,707223
2017-12-10,341420,716575
2017-12-11,368598,828899
2017-12-12,372977,872340
2017-12-13,424579,909631
2017-12-14,490644,942559
2017-12-15,405676,904346
2017-12-16,364222,899857
2017-12-17,391910,876574
2017-12-18,394239,984021
2017-12-19,378622,1092234
2017-12-20,370277,986104
2017-12-21,335482,1072665
2017-12-22,380648,1103523
2017-12-23,308211,918881
2017-12-24,279523,758234
2017-12-25,228926,752361
2017-12-26,247440,813510
2017-12-27,307642,912752
2017-12-28,305053,949503
2017-12-29,353824,1090191
2017-12-30,344407,1136659
2017-12-31,290422,946981
2018-01-01,241757,908945
2018-01-02,340980,1153936
2018-01-03,395963,1238030
2018-01-04,425008,1349890
2018-01-05,342707,1271577
2018-01-06,358847,1226417
2018-01-07,368187,1152722
2018-01-08,345672,1215473
2018-01-09,360265,1256240
2018-01-10,347393,1177685
2018-01-11,337959,1173965
2018-01-12,300091,1118757
2018-01-13,265735,1179321
2018-01-14,235045,1081593
2018-01-15,273623,1206420
2018-01-16,303725,1277936
2018-01-17,315771,1277083
2018-01-18,309495,1205184
2018-01-19,243619,1043257
2018-01-20,240611,984489
2018-01-21,215622,1006530
2018-01-22,245562,972911
2018-01-23,271936,928494
2018-01-24,250423,913668
2018-01-25,236580,788515
2018-01-26,220459,953429
2018-01-27,193578,831992
2018-01-28,213446,889104
2018-01-29,232176,936845
2018-01-30,236609,906578
2018-01-31,204276,877284
2018-02-01,257664,1008759
2018-02-02,235918,981133
2018-02-03,194891,814486
2018-02-04,173687,800876
2018-02-05,216363,875761
2018-02-06,244120,888219
2018-02-07,213719,818625
2018-02-08,173289,681344
2018-02-09,177860,789807
2018-02-10,181783,848390
2018-02-11,147208,773496
2018-02-12,186918,829020
2018-02-13,182984,745822
2018-02-14,196417,746384
2018-02-15,198183,777318
2018-02-16,187738,704758
2018-02-17,173789,772079
2018-02-18,159495,756092
2018-02-19,187367,811384
2018-02-20,198455,886897
2018-02-21,205201,850504
2018-02-22,183235,761893
2018-02-23,185193,733084
2018-02-24,154534,732861
2018-02-25,144869,690582
2018-02-26,186474,737453
2018-02-27,219624,694583
2018-02-28,189223,720368
2018-03-01,233744,684404
2018-03-02,195073,744666
2018-03-03,177024,673465
2018-03-04,160231,643241
2018-03-05,201438,752756
2018-03-06,206016,712591
2018-03-07,213978,783757
2018-03-08,196422,690139
2018-03-09,198180,650058
2018-03-10,156228,591377
2018-03-11,150884,608899
2018-03-12,188394,677908
2018-03-13,196140,699093
2018-03-14,191042,671198
2018-03-15,206186,654531
2018-03-16,186979,654584
2018-03-17,154496,593203
2018-03-18,164401,684094
2018-03-19,191528,703891
2018-03-20,195168,661791
2018-03-21,194846,697872
2018-03-22,185187,619453
2018-03-23,179818,677103
2018-03-24,157087,613203
2018-03-25,135274,526372
2018-03-26,187850,626615
2018-03-27,187065,584055
2018-03-28,177521,579858
2018-03-29,192411,583673
2018-03-30,185940,633616
2018-03-31,148617,584396
2018-04-01,135129,545141
2018-04-02,168178,598505
2018-04-03,198919,645977
2018-04-04,185710,628441
2018-04-05,181832,695871
2018-04-06,172889,647981
2018-04-07,154639,535865
2018-04-08,138535,595733
2018-04-09,176563,609799
2018-04-10,186415,571388
2018-04-11,183248,609102
2018-04-12,210879,692606
2018-04-13,217282,730344
2018-04-14,161843,611188
2018-04-15,174031,619985
2018-04-16,196106,664402
2018-04-17,201820,742823
2018-04-18,200740,703293
2018-04-19,213523,814318
2018-04-20,207777,832220
2018-04-21,193975,746104
2018-04-22,171870,748858
2018-04-23,226353,802870
2018-04-24,254493,816357
2018-04-25,213155,799014
2018-04-26,216732,793873
2018-04-27,211119,764479
2018-04-28,203681,775321
2018-04-29,180798,756651
2018-04-30,215107,778133
2018-05-01,199959,713839
2018-05-02,212296,787722
2018-05-03,228521,839586
2018-05-04,219069,1000526
2018-05-05,202703,789261
2018-05-06,171761,691273
2018-05-07,205063,789863
2018-05-08,217810,820098
2018-05-09,206579,831127
2018-05-10,208961,854827
2018-05-11,213624,826099
2018-05-12,182054,788487
2018-05-13,158794,762439
2018-05-14,209697,801788
2018-05-15,214779,779210
2018-05-16,208463,807257
2018-05-17,192683,835761
2018-05-18,211496,831831
2018-05-19,173274,846288
2018-05-20,158663,777283
2018-05-21,202647,802211
2018-05-22,203337,822409
2018-05-23,223196,833377
2018-05-24,206825,811167
2018-05-25,196181,800838
2018-05-26,158783,761932
2018-05-27,144304,776024
2018-05-28,189063,861002
2018-05-29,204769,812183
2018-05-30,204077,817167
2018-05-31,209526,832842
2018-06-01,205481,758242
2018-06-02,174497,768017
2018-06-03,163443,809997
2018-06-04,209916,807165
2018-06-05,212901,780654
2018-06-06,206417,754070
2018-06-07,207627,775828
2018-06-08,200379,720017
2018-06-09,171306,769427
2018-06-10,179809,771280
2018-06-11,213196,768985
2018-06-12,214595,770199
2018-06-13,211829,797637
2018-06-14,210029,765916
2018-06-15,205861,763803
2018-06-16,159090,639775
2018-06-17,144908,648548
2018-06-18,196305,695753
2018-06-19,191805,778765
2018-06-20,198889,803076
2018-06-21,198113,752035
2018-06-22,204144,770457
2018-06-23,163295,675918
2018-06-24,158022,671994
2018-06-25,200173,837265
2018-06-26,195404,732170
2018-06-27,188510,771938
2018-06-28,187624,744784
2018-06-29,197881,735092
2018-06-30,181065,632981
2018-07-01,156247,622633
2018-07-02,199294,489559
2018-07-03,216747,573532
2018-07-04,206788,447112
2018-07-05,199600,527586
2018-07-06,200993,459075
2018-07-07,170160,484105
2018-07-08,155685,631505
2018-07-09,206546,651926
2018-07-10,216063,691771
2018-07-11,202603,643920
2018-07-12,203535,566058
2018-07-13,207904,563317
2018-07-14,176475,508951
2018-07-15,161151,453706
2018-07-16,207842,703999
2018-07-17,233966,701292
2018-07-18,238769,746145
2018-07-19,225039,734702
2018-07-20,225529,671608
2018-07-21,184803,620634
2018-07-22,167129,675356
2018-07-23,229480,758657
2018-07-24,259358,784910
2018-07-25,250208,787527
2018-07-26,231679,725630
2018-07-27,229397,788715
2018-07-28,188238,703973
2018-07-29,168407,716354
2018-07-30,230924,757712
2018-07-31,242977,745063
2018-08-01,241044,757758
2018-08-02,224873,779928
2018-08-03,229859,753190
2018-08-04,191657,720548
2018-08-05,172181,704249
2018-08-06,218607,699536
2018-08-07,233045,636342
2018-08-08,235311,565663
2018-08-09,222326,538530
2018-08-10,226148,613892
2018-08-11,192438,657312
2018-08-12,165044,641927
2018-08-13,222229,694941
2018-08-14,247622,690348
2018-08-15,246066,648565
2018-08-16,232335,716732
2018-08-17,233794,607270
2018-08-18,190935,627522
2018-08-19,167400,599660
2018-08-20,214983,663769
2018-08-21,217777,605639
2018-08-22,230333,594918
2018-08-23,217352,599557
2018-08-24,219848,596227
2018-08-25,196420,577239
2018-08-26,172747,574072
2018-08-27,223656,645935
2018-08-28,238039,613844
2018-08-29,237508,546841
2018-08-30,231391,592847
2018-08-31,237076,577258
2018-09-01,213331,656254
2018-09-02,187145,620267
2018-09-03,222897,631429
2018-09-04,232265,589521
2018-09-05,246477,626957
2018-09-06,252261,588959
2018-09-07,230790,582184
2018-09-08,204428,543337
2018-09-09,188912,565631
2018-09-10,222866,561611
2018-09-11,237571,557317
2018-09-12,233275,570673
2018-09-13,234209,555753
2018-09-14,223250,514394
2018-09-15,211071,479695
2018-09-16,179483,458432
2018-09-17,240152,553720
2018-09-18,244259,500513
2018-09-19,251037,507255
2018-09-20,253674,498146
2018-09-21,273051,544686
2018-09-22,225537,470309
2018-09-23,200319,468627
2018-09-24,237670,480337
2018-09-25,252113,519108
2018-09-26,243927,493507
2018-09-27,248686,504047
2018-09-28,254239,500407
2018-09-29,218339,434315
2018-09-30,208210,479351
2018-10-01,242820,476308
2018-10-02,244772,490262
2018-10-03,242303,559006
2018-10-04,243157,559181
2018-10-05,244719,595361
2018-10-06,214843,596865
2018-10-07,219731,497767
2018-10-08,248041,542842
2018-10-09,235862,537028
2018-10-10,244945,516772
2018-10-11,262467,570525
2018-10-12,243174,562140
2018-10-13,205097,541797
2018-10-14,191259,511719
2018-10-15,266945,562011
2018-10-16,257967,575450
2018-10-17,260362,580354
2018-10-18,253450,565791
2018-10-19,253826,601119
2018-10-20,227821,534080
2018-10-21,211505,508014
2018-10-22,255324,577314
2018-10-23,253463,556231
2018-10-24,254091,532709
2018-10-25,254599,537236
2018-10-26,253002,551218
2018-10-27,233749,499165
2018-10-28,219860,509862
2018-10-29,269754,614695
2018-10-30,283327,608397
2018-10-31,288283,585707
2018-11-01,281941,589096
2018-11-02,292704,548534
2018-11-03,249564,505015
2018-11-04,226247,510848
2018-11-05,296283,582354
2018-11-06,285451,597166
2018-11-07,293734,564602
2018-11-08,277597,555392
2018-11-09,283896,547848
2018-11-10,252499,489120
2018-11-11,246991,527799
2018-11-12,300006,571162
2018-11-13,279160,553590
2018-11-14,292755,582181
2018-11-15,291525,563051
2018-11-16,283124,552107
2018-11-17,262649,505581
2018-11-18,239803,484801
2018-11-19,267971,622942
2018-11-20,288450,625752
2018-11-21,254942,579531
2018-11-22,266116,568895
2018-11-23,275261,559992
2018-11-24,250017,497091
2018-11-25,239256,529038
2018-11-26,257062,557388
2018-11-27,268533,565825
2018-11-28,254456,622580
2018-11-29,246226,555591
2018-11-30,250157,599039
2018-12-01,241847,525757
2018-12-02,222673,492410
2018-12-03,240652,548100
2018-12-04,270189,565202
2018-12-05,256501,595937
2018-12-06,279654,590923
2018-12-07,253890,572417
2018-12-08,231104,552651
2018-12-09,238569,507555
2018-12-10,258353,555379
2018-12-11,251487,536006
2018-12-12,261423,533920
2018-12-13,268422,565689
2018-12-14,275801,567306
2018-12-15,262879,551916
2018-12-16,226453,516697
2018-12-17,298823,570051
2018-12-18,266245,556320
2018-12-19,302392,597824
2018-12-20,287273,602429
2018-12-21,280588,606526
2018-12-22,251216,495551
2018-12-23,250739,543655
2018-12-24,272297,615551
2018-12-25,265052,535001
2018-12-26,281305,560047
2018-12-27,300020,548411
2018-12-28,308267,572189
2018-12-29,264980,543746
2018-12-30,267639,460395
2018-12-31,259684,522040
2019-01-01,234725,448168
2019-01-02,271696,589959
2019-01-03,291016,596620
2019-01-04,281772,549398
2019-01-05,265192,511189
2019-01-06,258522,487372
2019-01-07,284782,550964
2019-01-08,318524,553367
2019-01-09,319056,558847
2019-01-10,327338,582839
2019-01-11,308372,541838
2019-01-12,281502,452707
2019-01-13,276997,481347
2019-01-14,326685,577239
2019-01-15,302279,539896
2019-01-16,305702,507687
2019-01-17,296695,517082
2019-01-18,305965,538899
2019-01-19,282188,539125
2019-01-20,294118,537705
2019-01-21,315202,582751
2019-01-22,296040,605558
2019-01-23,293494,533819
2019-01-24,308146,520130
2019-01-25,301085,504903
2019-01-26,288285,464380
2019-01-27,276651,488814
2019-01-28,308062,568564
2019-01-29,326162,566026
2019-01-30,321980,555347
2019-01-31,353945,517057
2019-02-01,339341,498856
2019-02-02,322032,450314
2019-02-03,300171,424378
2019-02-04,335288,416394
2019-02-05,354069,414815
2019-02-06,349596,429065
2019-02-07,353046,428676
2019-02-08,335280,471952
2019-02-09,310892,417129
2019-02-10,299609,381151
2019-02-11,315725,429007
2019-02-12,271573,438111
2019-02-13,352651,491354
2019-02-14,354483,474782
2019-02-15,296729,468599
2019-02-16,332137,454309
2019-02-17,327463,447945
2019-02-18,344274,512455
2019-02-19,348242,533602
2019-02-20,314320,530268
2019-02-21,297595,544817
2019-02-22,350306,530839
2019-02-23,328239,476225
2019-02-24,320446,540201
2019-02-25,336634,573756
2019-02-26,366568,553925
2019-02-27,344560,539516
2019-02-28,367827,541458
2019-03-01,354422,547622
2019-03-02,335864,526912
2019-03-03,353683,492382
2019-03-04,304188,620211
2019-03-05,285716,598085
2019-03-06,277863,578932
2019-03-07,282523,572685
2019-03-08,285264,562361
2019-03-09,239492,555854
2019-03-10,212877,484038
2019-03-11,294741,536412
2019-03-12,285653,564306
2019-03-13,285957,573281
2019-03-14,299929,573828
2019-03-15,296970,553012
2019-03-16,262267,504183
2019-03-17,227290,494872
2019-03-18,291505,573940
2019-03-19,304744,635940
2019-03-20,304960,630313
2019-03-21,300712,618318
2019-03-22,298524,628700
2019-03-23,251573,561778
2019-03-24,226166,549073
2019-03-25,322191,648670
2019-03-26,366415,629010
2019-03-27,383186,625948
2019-03-28,393698,634367
2019-03-29,369817,640352
2019-03-30,377783,667967
2019-03-31,381652,646230
2019-04-01,368904,687574
2019-04-02,401507,758900
2019-04-03,360250,746605
2019-04-04,354660,673520
2019-04-05,387090,621924
2019-04-06,359569,559039
2019-04-07,350631,572886
2019-04-08,372417,668000
2019-04-09,346071,656914
2019-04-10,396501,674070
2019-04-11,402802,729032
2019-04-12,376767,694793
2019-04-13,367076,614291
2019-04-14,337030,551055
2019-04-15,381473,622058
2019-04-16,358517,656461
2019-04-17,350737,681896
2019-04-18,382981,697650
2019-04-19,362128,693183
2019-04-20,319840,686824
2019-04-21,390735,631190
2019-04-22,342014,719306
2019-04-23,311753,729268
2019-04-24,404279,668917
2019-04-25,384089,680812
2019-04-26,381209,661061
2019-04-27,359008,562687
2019-04-28,383291,593482
2019-04-29,363207,628989
2019-04-30,346486,707771
2019-05-01,439549,703790
2019-05-02,452646,626308
2019-05-03,383032,670882
2019-05-04,355910,623395
2019-05-05,330732,637464
2019-05-06,378476,706135
2019-05-07,329943,658146
2019-05-08,393081,686996
2019-05-09,361569,718440
2019-05-10,322963,736762
2019-05-11,344957,742337
2019-05-12,338571,715827
2019-05-13,390428,758695
2019-05-14,367370,830785
2019-05-15,368901,847606
2019-05-16,375062,908208
2019-05-17,361654,810320
2019-05-18,359704,735420
2019-05-19,346859,752431
2019-05-20,381582,860161
2019-05-21,380889,812799
2019-05-22,394887,873384
2019-05-23,389343,846724
2019-05-24,373882,904057
2019-05-25,338398,839949
2019-05-26,374072,763094
2019-05-27,399584,941733
2019-05-28,390427,910535
2019-05-29,405155,947509
2019-05-30,376874,891907
2019-05-31,298997,870676
2019-06-01,332092,956751
2019-06-02,301003,890894
2019-06-03,294009,889067
2019-06-04,374763,891955
2019-06-05,372948,799392
2019-06-06,364526,824817
2019-06-07,350011,758454
2019-06-08,294369,992653
2019-06-09,300917,715741
2019-06-10,353629,963694
2019-06-11,340449,930038
2019-06-12,328464,860682
2019-06-13,364373,749758
2019-06-14,364383,825364
2019-06-15,330954,938952
2019-06-16,295254,888979
2019-06-17,321072,944094
2019-06-18,394843,850016
2019-06-19,401032,886054
2019-06-20,330103,985024
2019-06-21,337741,777627
2019-06-22,354075,758133
2019-06-23,380088,773499
2019-06-24,388342,809637
2019-06-25,361385,932194
2019-06-26,399624,848601
2019-06-27,361050,814118
2019-06-28,407094,1004170
2019-06-29,356682,733337
2019-06-30,330731,685958
2019-07-01,336862,951985
2019-07-02,373409,895054
2019-07-03,397554,753227
2019-07-04,370704,747514
2019-07-05,378453,849080
2019-07-06,348674,754040
2019-07-07,313273,582067
2019-07-08,378966,809796
2019-07-09,365588,771955
2019-07-10,315664,736096
2019-07-11,325776,975288
2019-07-12,360899,726392
2019-07-13,304545,587283
2019-07-14,303287,613490
2019-07-15,349111,743294
2019-07-16,363337,1003278
2019-07-17,324892,830029
2019-07-18,315745,667874
2019-07-19,299891,815548
2019-07-20,323002,584085
2019-07-21,283934,522416
2019-07-22,319399,640666
2019-07-23,320352,606795
2019-07-24,295589,907213
2019-07-25,336536,949864
2019-07-26,319612,640260
2019-07-27,283892,577697
2019-07-28,272974,572697
2019-07-29,333619,676990
2019-07-30,328375,715782
2019-07-31,361337,684284
2019-08-01,335943,877643
2019-08-02,349556,768312
2019-08-03,327588,783492
2019-08-04,298805,569134
2019-08-05,339136,718438
2019-08-06,368348,732052
2019-08-07,370909,742477
2019-08-08,336181,692736
2019-08-09,341125,721762
2019-08-10,304138,630929
2019-08-11,273280,582507
2019-08-12,297446,712949
2019-08-13,370747,698671
2019-08-14,359997,736647
2019-08-15,355644,689076
2019-08-16,323625,718875
2019-08-17,288256,641106
2019-08-18,276365,627260
2019-08-19,330473,724461
2019-08-20,333304,733520
2019-08-21,308808,731500
2019-08-22,322453,737144
2019-08-23,340220,733282
2019-08-24,304481,684235
2019-08-25,288934,677260
2019-08-26,318219,750845
2019-08-27,325984,748158
2019-08-28,341200,722262
2019-08-29,346734,724189
2019-08-30,349200,713194
2019-08-31,342195,679773
2019-09-01,285468,690235
2019-09-02,327248,757539
2019-09-03,370631,751224
2019-09-04,324741,714432
2019-09-05,352410,769872
2019-09-06,365531,768500
2019-09-07,314429,677445
2019-09-08,288507,675137
2019-09-09,316852,756508
2019-09-10,339858,691617
2019-09-11,338276,705292
2019-09-12,335868,723726
2019-09-13,308856,623470
2019-09-14,299894,628467
2019-09-15,274146,633961
2019-09-16,347341,733010
2019-09-17,343778,681814
2019-09-18,363185,708743
2019-09-19,346110,692484
2019-09-20,340929,717128
2019-09-21,336013,596973
2019-09-22,318713,576563
2019-09-23,288149,639394
2019-09-24,353263,709522
2019-09-25,347747,677675
2019-09-26,355775,657676
2019-09-27,303903,623632
2019-09-28,314433,607857
2019-09-29,285542,591986
2019-09-30,311396,683924
2019-10-01,337244,645073
2019-10-02,326557,627137
2019-10-03,326514,615189
2019-10-04,337222,590197
2019-10-05,326683,595118
2019-10-06,277613,571769
2019-10-07,328803,629382
2019-10-08,336354,710373
2019-10-09,311049,751354
2019-10-10,345048,706127
2019-10-11,345425,702673
2019-10-12,301693,634450
2019-10-13,279487,566845
2019-10-14,304466,650601
2019-10-15,339698,690703
2019-10-16,338473,694589
2019-10-17,334105,703704
2019-10-18,339390,733646
2019-10-19,304736,665170
2019-10-20,289796,612341
2019-10-21,351791,678528
2019-10-22,341464,726230
2019-10-23,349320,736388
2019-10-24,303843,724917
2019-10-25,328598,741655
2019-10-26,305722,716822
2019-10-27,256253,642955
2019-10-28,309611,721335
2019-10-29,307953,707622
2019-10-30,314163,717618
2019-10-31,293779,744118
2019-11-01,316187,705019
2019-11-02,284443,590976
2019-11-03,294367,571113
2019-11-04,310979,670783
2019-11-05,332839,739254
2019-11-06,314698,707733
2019-11-07,324487,857371
2019-11-08,311441,699138
2019-11-09,306163,604007
2019-11-10,299712,609364
2019-11-11,326707,710155
2019-11-12,301382,708660
2019-11-13,318945,713551
2019-11-14,350023,679505
2019-11-15,325145,683049
2019-11-16,283468,596661
2019-11-17,264370,600168
2019-11-18,304671,734472
2019-11-19,327630,735532
2019-11-20,321086,689771
2019-11-21,323954,762896
2019-11-22,310539,794748
2019-11-23,306424,631670
2019-11-24,267368,596880
2019-11-25,279470,762888
2019-11-26,321310,679733
2019-11-27,317597,674957
2019-11-28,309623,623080
2019-11-29,311290,670568
2019-11-30,277458,584871
2019-12-01,274621,615069
2019-12-02,314730,681210
2019-12-03,336512,610528
2019-12-04,337284,661004
2019-12-05,311468,617647
2019-12-06,315386,573666
2019-12-07,285284,488124
2019-12-08,278853,440672
2019-12-09,313629,635462
2019-12-10,320064,631603
2019-12-11,291248,625349
2019-12-12,311795,635638
2019-12-13,322888,621511
2019-12-14,293496,551143
2019-12-15,263441,526996
2019-12-16,327085,634682
2019-12-17,319254,646999
2019-12-18,314249,663295
2019-12-19,319555,620140
2019-12-20,332657,614338
2019-12-21,311118,545378
2019-12-22,281070,529935
2019-12-23,304845,631635
2019-12-24,290436,602814
2019-12-25,244666,565093
2019-12-26,296063,586645
2019-12-27,322204,580029
2019-12-28,298287,516438
2019-12-29,279925,480131
2019-12-30,324497,584426
2019-12-31,293447,554215
2020-01-01,251735,466526
2020-01-02,295567,505639
2020-01-03,316517,581641
2020-01-04,287215,559074
2020-01-05,287779,524664
2020-01-06,299146,626525
2020-01-07,344079,646478
2020-01-08,318019,653831
2020-01-09,322057,621399
2020-01-10,330734,605095
2020-01-11,309070,549612
2020-01-12,283136,523951
2020-01-13,291597,565389
2020-01-14,346953,671748
2020-01-15,332658,698399
2020-01-16,325947,693649
2020-01-17,323992,676556
2020-01-18,287237,628211
2020-01-19,283960,615368
2020-01-20,313661,599266
2020-01-21,315210,558962
2020-01-22,328586,513767
2020-01-23,329918,552533
2020-01-24,313887,497135
2020-01-25,285584,435515
2020-01-26,261247,428839
2020-01-27,279240,476541
2020-01-28,340052,526284
2020-01-29,340562,551529
2020-01-30,332558,566052
2020-01-31,334434,583358
2020-02-01,303724,545761
2020-02-02,290879,530094
2020-02-03,331012,621191
2020-02-04,309190,524476
2020-02-05,368604,610780
2020-02-06,315370,606505
2020-02-07,334938,626252
2020-02-08,318363,661649
2020-02-09,317070,628631
2020-02-10,298104,668760
2020-02-11,365583,709280
2020-02-12,344615,798162
2020-02-13,340081,764763
2020-02-14,326078,771827
2020-02-15,322721,699151
2020-02-16,292236,661490
2020-02-17,341491,695366
2020-02-18,331050,733983
2020-02-19,334805,695837
2020-02-20,316626,689600
2020-02-21,338484,670542
2020-02-22,304597,605859
2020-02-23,285579,606290
2020-02-24,328890,687702
2020-02-25,334593,670257
2020-02-26,329967,704929
2020-02-27,338781,714482
2020-02-28,368590,688694
2020-02-29,307527,620465
2020-03-01,309849,628500
2020-03-02,342821,681477
2020-03-03,342324,661419
2020-03-04,358745,663966
2020-03-05,349529,720114
2020-03-06,338383,676799
2020-03-07,313312,630992
2020-03-08,302694,662565
2020-03-09,348211,784085
2020-03-10,329698,760588
2020-03-11,287492,713065
2020-03-12,349978,760781
2020-03-13,276798,847947
2020-03-14,279828,681830
2020-03-15,223230,657653
2020-03-16,270399,784094
2020-03-17,278326,763100
2020-03-18,231254,768437
2020-03-19,265689,864017
2020-03-20,284594,822158
2020-03-21,245896,857503
2020-03-22,209154,746195
2020-03-23,259816,801238
2020-03-24,278131,791900
2020-03-25,218176,765389
2020-03-26,292828,772649
2020-03-27,276546,748776
2020-03-28,240627,667726
2020-03-29,232820,607984
2020-03-30,276828,724004
2020-03-31,290227,731749
2020-04-01,281855,683007
2020-04-02,299176,720554
2020-04-03,278763,722688
2020-04-04,253274,625952
2020-04-05,240259,614001
2020-04-06,280470,771300
2020-04-07,312770,783472
2020-04-08,286563,830223
2020-04-09,286706,727502
2020-04-10,288585,745643
2020-04-11,247852,680523
2020-04-12,228529,678530
2020-04-13,288113,744306
2020-04-14,299391,813972
2020-04-15,310253,792152
2020-04-16,322903,790334
2020-04-17,284222,785639
2020-04-18,289134,783111
2020-04-19,251984,741675
2020-04-20,310810,828885
2020-04-21,310851,812963
2020-04-22,278755,790519
2020-04-23,329045,826397
2020-04-24,320055,846807
2020-04-25,280805,792299
2020-04-26,252833,801949
2020-04-27,311217,841193
2020-04-28,323475,838453
2020-04-29,331401,897881
2020-04-30,321972,899459
2020-05-01,340574,827138
2020-05-02,286773,765990
2020-05-03,281752,789689
2020-05-04,326098,774035
2020-05-05,329075,785518
2020-05-06,333395,833506
2020-05-07,341986,877129
2020-05-08,323625,887756
2020-05-09,312399,894382
2020-05-10,286789,879153
2020-05-11,305839,887554
2020-05-12,345215,880678
2020-05-13,296796,856962
2020-05-14,268750,820300
2020-05-15,310642,888691
2020-05-16,296555,875030
2020-05-17,236808,808464
2020-05-18,273723,857645
2020-05-19,274897,848038
2020-05-20,280037,855377
2020-05-21,298483,867704
2020-05-22,278784,916282
2020-05-23,269230,868425
2020-05-24,214530,825755
2020-05-25,265875,875607
2020-05-26,295782,916975
2020-05-27,292927,896217
2020-05-28,299910,907265
2020-05-29,280960,949269
2020-05-30,286046,881950
2020-05-31,258427,850103
2020-06-01,308312,929874
2020-06-02,304114,980902
2020-06-03,314000,898364
2020-06-04,318285,930407
2020-06-05,327082,901995
2020-06-06,284873,946196
2020-06-07,252368,943786
2020-06-08,317275,966206
2020-06-09,327074,923075
2020-06-10,325163,939890
2020-06-11,332490,925331
2020-06-12,318274,889318
2020-06-13,280181,833267
2020-06-14,275723,785017
2020-06-15,294468,912281
2020-06-16,340517,904928
2020-06-17,333547,879736
2020-06-18,280603,913845
2020-06-19,347436,945942
2020-06-20,284123,941415
2020-06-21,259440,987058
2020-06-22,301396,1092083
2020-06-23,355256,1119442
2020-06-24,312321,1070862
2020-06-25,312183,1041742
2020-06-26,330381,1017505
2020-06-27,275489,1017138
2020-06-28,264909,997731
2020-06-29,315424,1056189
2020-06-30,299733,1111318
2020-07-01,382570,1044438
2020-07-02,339469,1039119
2020-07-03,331009,1022098
2020-07-04,288647,946287
2020-07-05,274104,880075
2020-07-06,338767,1020012
2020-07-07,345975,1064506
2020-07-08,347455,1092210
2020-07-09,362718,1070343
2020-07-10,345996,1034806
2020-07-11,306771,982930
2020-07-12,282364,997960
2020-07-13,310227,1151834
2020-07-14,359847,1098661
2020-07-15,316064,1111360
2020-07-16,345849,1068620
2020-07-17,293907,1078101
2020-07-18,311022,1071509
2020-07-19,277093,1082448
2020-07-20,309747,1143700
2020-07-21,312871,1120095
2020-07-22,364792,1138040
2020-07-23,336245,1147143
2020-07-24,369432,1146282
2020-07-25,293883,1175506
2020-07-26,298580,1137893
2020-07-27,326769,1261456
2020-07-28,354742,1222353
2020-07-29,346521,1163851
2020-07-30,327789,1164479
2020-07-31,356906,1218838
2020-08-01,296705,1171566
2020-08-02,287869,1125886
2020-08-03,333753,1176793
2020-08-04,329032,1164208
2020-08-05,291814,1182699
2020-08-06,356612,1215885
2020-08-07,326499,1249695
2020-08-08,283631,1182406
2020-08-09,268402,1229151
2020-08-10,308367,1289980
2020-08-11,349952,1254244
2020-08-12,346405,1229214
2020-08-13,325346,1209139
2020-08-14,365679,1201546
2020-08-15,313760,1107833
2020-08-16,285069,1152369
2020-08-17,292944,1181976
2020-08-18,346036,1229256
2020-08-19,333879,1216891
2020-08-20,333683,1182994
2020-08-21,314297,1256752
2020-08-22,311699,1102479
2020-08-23,288728,1122524
2020-08-24,329133,1162182
2020-08-25,304409,1138199
2020-08-26,324184,1166218
2020-08-27,328157,1136576
2020-08-28,352722,1131912
2020-08-29,292783,1130992
2020-08-30,269114,1142415
2020-08-31,302920,1235856
2020-09-01,376508,1245701
2020-09-02,317449,1181212
2020-09-03,310922,1149636
2020-09-04,298286,1141207
2020-09-05,325523,1040906
2020-09-06,262820,1026667
2020-09-07,327662,1051480
2020-09-08,332668,1026700
2020-09-09,314864,1052603
2020-09-10,345981,1120964
2020-09-11,308323,1074413
2020-09-12,300152,1034584
2020-09-13,255110,1042047
2020-09-14,354020,1079688
2020-09-15,332957,1089837
2020-09-16,342609,1035013
2020-09-17,348581,1406016
2020-09-18,325157,1244808
2020-09-19,296357,1090001
2020-09-20,259095,1095309
2020-09-21,297605,1133662
2020-09-22,312989,1081497
2020-09-23,349938,1084100
2020-09-24,316552,1087537
2020-09-25,353070,1034790
2020-09-26,276162,984559
2020-09-27,259382,966479
2020-09-28,295476,1080187
2020-09-29,347696,1088234
2020-09-30,351417,1079040
2020-10-01,304757,1018741
2020-10-02,315443,1002138
2020-10-03,310855,956528
2020-10-04,268019,985452
2020-10-05,294986,1027690
2020-10-06,317922,1083502
2020-10-07,370554,1035384
2020-10-08,330227,1019446
2020-10-09,339343,1049571
2020-10-10,298486,1036351
2020-10-11,256096,1004701
2020-10-12,314174,1092162
2020-10-13,333215,1127396
2020-10-14,314541,1093927
2020-10-15,340993,1249576
2020-10-16,324647,1161135
2020-10-17,275069,1051772
2020-10-18,231557,995711
2020-10-19,303929,1128930
2020-10-20,330563,1105678
2020-10-21,311292,1159354
2020-10-22,339087,1189043
2020-10-23,323869,1132837
2020-10-24,306774,1012156
2020-10-25,242273,965206
2020-10-26,252494,1086139
2020-10-27,251938,1078466
2020-10-28,261340,1139608
2020-10-29,276070,1107849
2020-10-30,268364,1111013
2020-10-31,275796,1089587
2020-11-01,276280,1050753
2020-11-02,224609,1156870
2020-11-03,331673,1119359
2020-11-04,320697,1137324
2020-11-05,318668,1128431
2020-11-06,340351,1171971
2020-11-07,270901,1131722
2020-11-08,243047,1016465
2020-11-09,326383,1147695
2020-11-10,303270,1157455
2020-11-11,322277,1096582
2020-11-12,324855,1099253
2020-11-13,300040,1156377
2020-11-14,273511,1067063
2020-11-15,252715,1037428
2020-11-16,311477,1105512
2020-11-17,347772,1173012
2020-11-18,362007,1120798
2020-11-19,311061,1122748
2020-11-20,348026,1162871
2020-11-21,311189,1172183
2020-11-22,271125,1148006
2020-11-23,297840,1213632
2020-11-24,333293,1240072
2020-11-25,361990,1205924
2020-11-26,323975,1173330
2020-11-27,322445,1102889
2020-11-28,293949,992335
2020-11-29,263573,993930
2020-11-30,256551,1183915
2020-12-01,378068,1172361
2020-12-02,327019,1071389
2020-12-03,346921,1114178
2020-12-04,318894,1134337
2020-12-05,282599,1055722
2020-12-06,258624,1034515
2020-12-07,300906,1102501
2020-12-08,330970,1149816
2020-12-09,321079,1150822
2020-12-10,313649,1092429
2020-12-11,304735,1122160
2020-12-12,295410,1092064
2020-12-13,276160,1142703
2020-12-14,314350,1241593
2020-12-15,320440,1215285
2020-12-16,315217,1261767
2020-12-17,309481,1342281
2020-12-18,375549,1193950
2020-12-19,343536,1162872
2020-12-20,282043,1074305
2020-12-21,269834,1146949
2020-12-22,324163,1147101
2020-12-23,338463,1254308
2020-12-24,269559,1142743
2020-12-25,303901,1140417
2020-12-26,273954,1139562
2020-12-27,309005,1177372
2020-12-28,308983,1256783
2020-12-29,336311,1206703
2020-12-30,338258,1227653
2020-12-31,344918,1163876
2021-01-01,258080,1136712
2021-01-02,297111,1170839
2021-01-03,359116,1234419
2021-01-04,373734,1275169
2021-01-05,354091,1258441
2021-01-06,397384,1280434
2021-01-07,401744,1298568
2021-01-08,358526,1288953
2021-01-09,321389,1231759
2021-01-10,331865,1210603
2021-01-11,333958,1280285
2021-01-12,336627,1165508
2021-01-13,319167,1126532
2021-01-14,338809,1184604
2021-01-15,344002,1227187
2021-01-16,308461,1193339
2021-01-17,271874,1133096
2021-01-18,313816,1217953
2021-01-19,325083,1252236
2021-01-20,314809,1213930
2021-01-21,290754,1178190
2021-01-22,323868,1182794
2021-01-23,308276,1140666
2021-01-24,253971,1117744
2021-01-25,309102,1207263
2021-01-26,336935,1194595
2021-01-27,323553,1140980
2021-01-28,325146,1190834
2021-01-29,341036,1293963
2021-01-30,312313,1218241
2021-01-31,290753,1244924
2021-02-01,277579,1300451
2021-02-02,367835,1302891
2021-02-03,344425,1314906
2021-02-04,367788,1309863
2021-02-05,360541,1316904
2021-02-06,333886,1227828
2021-02-07,286364,1230638
2021-02-08,335223,1275739
2021-02-09,360137,1327544
2021-02-10,340758,1320357
2021-02-11,304739,1270521
2021-02-12,343306,1290300
2021-02-13,336624,1252364
2021-02-14,295428,1206665
2021-02-15,311322,1210500
2021-02-16,296388,1217916
2021-02-17,317666,1258503
2021-02-18,316952,1298425
2021-02-19,341586,1323618
2021-02-20,320475,1337507
2021-02-21,271645,1233518
2021-02-22,285383,1312178
2021-02-23,287884,1302882
2021-02-24,358092,1285208
2021-02-25,326116,1232758
2021-02-26,306416,1236241
2021-02-27,320784,1202432
2021-02-28,254316,1179859
2021-03-01,280485,1185925
2021-03-02,338150,1240182
2021-03-03,333402,1235048
2021-03-04,289631,1234903
2021-03-05,317780,1208640
2021-03-06,287963,1160519
2021-03-07,260739,1180104
2021-03-08,291955,1216417
2021-03-09,299682,1275347
2021-03-10,344688,1256065
2021-03-11,291245,1284767
2021-03-12,320744,1325679
2021-03-13,277072,1293352
2021-03-14,308050,1277890
2021-03-15,292231,1321388
2021-03-16,319493,1308992
2021-03-17,296119,1272298
2021-03-18,331718,1299760
2021-03-19,316180,1291231
2021-03-20,286948,1262309
2021-03-21,234936,1206064
2021-03-22,297410,1307460
2021-03-23,314234,1298959
2021-03-24,305093,1309468
2021-03-25,318562,1349663
2021-03-26,293610,1265836
2021-03-27,288259,1230764
2021-03-28,248605,1211918
2021-03-29,303305,1269901
2021-03-30,321090,1300973
2021-03-31,332749,1354603
2021-04-01,311939,1368006
2021-04-02,305788,1358619
2021-04-03,281717,1293333
2021-04-04,246007,1197875
2021-04-05,289046,1296946
2021-04-06,309565,1335799
2021-04-07,321319,1312638
2021-04-08,278534,1284449
2021-04-09,324720,1300882
2021-04-10,299086,1315016
2021-04-11,253449,1256904
2021-04-12,291369,1347983
2021-04-13,310213,1350467
2021-04-14,297494,1386341
2021-04-15,359440,1197340
2021-04-16,219704,1426977
2021-04-17,194580,1453000
2021-04-18,274735,1396766
2021-04-19,208413,1476842
2021-04-20,279977,1555560
2021-04-21,226021,1565355
2021-04-22,274610,1577266
2021-04-23,295731,1537100
2021-04-24,290690,1389103
2021-04-25,241041,1389350
2021-04-26,240687,1448466
2021-04-27,298109,1448293
2021-04-28,277126,1517604
2021-04-29,259465,1530717
2021-04-30,289389,1441230
2021-05-01,262991,1427568
2021-05-02,235214,1417458
2021-05-03,287007,1488804
2021-05-04,300824,1536119
2021-05-05,309774,1518877
2021-05-06,311380,1532197
2021-05-07,307988,1527890
2021-05-08,274691,1710882
2021-05-09,247866,1716600
2021-05-10,303297,1716489
2021-05-11,312115,1716051
2021-05-12,300452,1624077
2021-05-13,276472,1588560
2021-05-14,266055,1531689
2021-05-15,232099,1472680
2021-05-16,219435,1425115
2021-05-17,250910,1446627
2021-05-18,221018,1425053
2021-05-19,263419,1461174
2021-05-20,228039,1459146
2021-05-21,226351,1367394
2021-05-22,223800,1283663
2021-05-23,194320,1264253
2021-05-24,234755,1312739
2021-05-25,233644,1289446
2021-05-26,230753,1326432
2021-05-27,214035,1291385
2021-05-28,218311,1305078
2021-05-29,198332,1293425
2021-05-30,179795,1280282
2021-05-31,226469,1297889
2021-06-01,234561,1274354
2021-06-02,250589,1314178
2021-06-03,255621,1337711
2021-06-04,236672,1301803
2021-06-05,194580,1176676
2021-06-06,185305,1134526
2021-06-07,235479,1225549
2021-06-08,246906,1221063
2021-06-09,210911,1194275
2021-06-10,252983,1188556
2021-06-11,216502,1183286
2021-06-12,222774,1131777
2021-06-13,187098,1124736
2021-06-14,242416,1188556
2021-06-15,241861,1224101
2021-06-16,252937,1201109
2021-06-17,237725,1218956
2021-06-18,222918,1170182
2021-06-19,187042,1050189
2021-06-20,167249,1057288
2021-06-21,205050,1209567
2021-06-22,196523,1297644
2021-06-23,232704,1201974
2021-06-24,233278,1207012
2021-06-25,218245,1227331
2021-06-26,181628,1150460
2021-06-27,121538,1104703
2021-06-28,221000,1404100
2021-06-29,205616,1264320
2021-06-30,215304,1212214
2021-07-01,233683,1211710
2021-07-02,188568,1181574
2021-07-03,237463,1122543
2021-07-04,171850,1105343
2021-07-05,223760,1147895
2021-07-06,228279,1355421
2021-07-07,221227,1290979
2021-07-08,230719,1262627
2021-07-09,227511,1223691
2021-07-10,187263,1139265
2021-07-11,166144,1101766
2021-07-12,220269,1191465
2021-07-13,229916,1183412
2021-07-14,236217,1223130
2021-07-15,226234,1259972
2021-07-16,223466,1199018
2021-07-17,182047,1164624
2021-07-18,161122,1168843
2021-07-19,226803,1195218
2021-07-20,230509,1192750
2021-07-21,235680,1195171
2021-07-22,230282,1202844
2021-07-23,231130,1203397
2021-07-24,198091,1225509
2021-07-25,174535,1128848
2021-07-26,261950,1260619
2021-07-27,255221,1318124
2021-07-28,251223,1300283
2021-07-29,262612,1259128
2021-07-30,255417,1242337
2021-07-31,207348,1212322
2021-08-01,185157,1190618
2021-08-02,239277,1269470
2021-08-03,246198,1219663
2021-08-04,239596,1223841
2021-08-05,246175,1159663
2021-08-06,260810,1212021
2021-08-07,212229,1198433
2021-08-08,191623,1184278
2021-08-09,252660,1218594
2021-08-10,260968,1212289
2021-08-11,262437,1234409
2021-08-12,250961,1195283
2021-08-13,260624,1197050
2021-08-14,209074,1159942
2021-08-15,186239,1125295
2021-08-16,263529,1253968
2021-08-17,257766,1252163
2021-08-18,247333,1201544
2021-08-19,253447,1255453
2021-08-20,271837,1260054
2021-08-21,219407,1186758
2021-08-22,190631,1183893
2021-08-23,270736,1245624
2021-08-24,263984,1247051
2021-08-25,263009,1184780
2021-08-26,258590,1175063
2021-08-27,256813,1119072
2021-08-28,218268,1131721
2021-08-29,191650,1147150
2021-08-30,250955,1198993
2021-08-31,271163,1206314
2021-09-01,280865,1225104
2021-09-02,289900,1261258
2021-09-03,283991,1198777
2021-09-04,227732,1189085
2021-09-05,205066,1136467
2021-09-06,268877,1206493
2021-09-07,276624,1308071
2021-09-08,270483,1178449
2021-09-09,274384,1219850
2021-09-10,261371,1244706
2021-09-11,218445,1249438
2021-09-12,192691,1211328
2021-09-13,255970,1267491
2021-09-14,268127,1231240
2021-09-15,268957,1207590
2021-09-16,271223,1224358
2021-09-17,271040,1187578
2021-09-18,227661,1143196
2021-09-19,200516,1128226
2021-09-20,270233,1174559
2021-09-21,244568,1193295
2021-09-22,275235,1174030
2021-09-23,268689,1193053
2021-09-24,277565,1152685
2021-09-25,212575,1121078
2021-09-26,195560,1088537
2021-09-27,255873,1133903
2021-09-28,262292,1108122
2021-09-29,241991,1135869
2021-09-30,293074,1116157
2021-10-01,277042,1207263
2021-10-02,259961,1117899
2021-10-03,218112,1130224
2021-10-04,268955,1121513
2021-10-05,312538,1235674
2021-10-06,267749,1337833
2021-10-07,325875,1344295
2021-10-08,280028,1287034
2021-10-09,246189,1191856
2021-10-10,211506,1137901
2021-10-11,280184,1183486
2021-10-12,274155,1203566
2021-10-13,288916,1189854
2021-10-14,282383,1227097
2021-10-15,297746,1302993
2021-10-16,270052,1181031
2021-10-17,215883,1144184
2021-10-18,285368,1197673
2021-10-19,312018,1243503
2021-10-20,291813,1259885
2021-10-21,320743,1277275
2021-10-22,287550,1256044
2021-10-23,223941,1235169
2021-10-24,211220,1261312
2021-10-25,284680,1299495
2021-10-26,294029,1344772
2021-10-27,292114,1370504
2021-10-28,295558,1510502
2021-10-29,305733,1456333
2021-10-30,252061,1379095
2021-10-31,217435,1304184
2021-11-01,293282,1341733
2021-11-02,297402,1395656
2021-11-03,288746,1417221
2021-11-04,289141,1352186
2021-11-05,285946,1339661
2021-11-06,236233,1255921
2021-11-07,226128,1276998
2021-11-08,285806,1329018
2021-11-09,335411,1334145
2021-11-10,301025,1390746
2021-11-11,293665,1347643
2021-11-12,282049,1345131
2021-11-13,238634,1300464
2021-11-14,224016,1275744
2021-11-15,288435,1289636
2021-11-16,301103,1310153
2021-11-17,290390,1353219
2021-11-18,293867,1284250
2021-11-19,284719,1255788
2021-11-20,249652,1160128
2021-11-21,222949,1260939
2021-11-22,279165,1221508
2021-11-23,283401,1264994
2021-11-24,298909,1342491
2021-11-25,287496,1301578
2021-11-26,292645,1297524
2021-11-27,240759,1213284
2021-11-28,213768,1135653
2021-11-29,301297,1247688
2021-11-30,293876,1280926
2021-12-01,288422,1221643
2021-12-02,313261,1265286
2021-12-03,290139,1211488
2021-12-04,253674,1235697
2021-12-05,215213,1386491
2021-12-06,284467,1244773
2021-12-07,288343,1224771
2021-12-08,266110,1296307
2021-12-09,282775,1251338
2021-12-10,271375,1237735
2021-12-11,225733,1199384
2021-12-12,214808,1181898
2021-12-13,278211,1242978
2021-12-14,278275,1214900
2021-12-15,281103,1258462
2021-12-16,256206,1155456
2021-12-17,263495,1270355
2021-12-18,239170,1159873
2021-12-19,206719,1137581
2021-12-20,266947,1201239
2021-12-21,304713,1203638
2021-12-22,288495,1233315
2021-12-23,291799,1245242
2021-12-24,260565,1298329
2021-12-25,207803,1299519
2021-12-26,198574,1206942
2021-12-27,249548,1252037
2021-12-28,265422,1241032
2021-12-29,276083,1252468
2021-12-30,245021,1255688
2021-12-31,269540,1214585
2022-01-01,186834,1180989
2022-01-02,196865,1158900
2022-01-03,234793,1209173
2022-01-04,274544,1221316
2022-01-05,272155,1249628
2022-01-06,264899,1212495
2022-01-07,255381,1188490
2022-01-08,223920,1183873
2022-01-09,210143,1108322
2022-01-10,266743,1233195
2022-01-11,277698,1277649
2022-01-12,271933,1283346
2022-01-13,274515,1282921
2022-01-14,270882,1218460
2022-01-15,234373,1174849
2022-01-16,216151,1162954
2022-01-17,258141,1198719
2022-01-18,265057,1169526
2022-01-19,270334,1223143
2022-01-20,271265,1190018
2022-01-21,272348,1189898
2022-01-22,250294,1204920
2022-01-23,203986,1077884
2022-01-24,270712,1147109
2022-01-25,265128,1177640
2022-01-26,261070,1146116
2022-01-27,255925,1133684
2022-01-28,264609,1137559
2022-01-29,231038,1147157
2022-01-30,207173,1183850
2022-01-31,263410,1177345
2022-02-01,272984,1173199
2022-02-02,278985,1152665
2022-02-03,265344,1111215
2022-02-04,247946,1168994
2022-02-05,258646,1235023
2022-02-06,219196,1173884
2022-02-07,262034,1163338
2022-02-08,276850,1180780
2022-02-09,265804,1205889
2022-02-10,260813,1205676
2022-02-11,258595,1183966
2022-02-12,228189,1114648
2022-02-13,208977,1115296
2022-02-14,247592,1147522
2022-02-15,273623,1192633
2022-02-16,266788,1194693
2022-02-17,255573,1141997
2022-02-18,261055,1252754
2022-02-19,220673,1150162
2022-02-20,200535,1343869
2022-02-21,237402,1134349
2022-02-22,260265,1129213
2022-02-23,251275,1147632
2022-02-24,254139,1181182
2022-02-25,260340,1137898
2022-02-26,220423,1167802
2022-02-27,211164,1125065
2022-02-28,270918,1108112
2022-03-01,280634,1161564
2022-03-02,288657,1191369
2022-03-03,268244,1167187
2022-03-04,262101,1167450
2022-03-05,225321,1077981
2022-03-06,207116,1123245
2022-03-07,255441,1174568
2022-03-08,255771,1195626
2022-03-09,272805,1178322
2022-03-10,261553,1229591
2022-03-11,252383,1119334
2022-03-12,225148,1120627
2022-03-13,208092,1041827
2022-03-14,259592,1097913
2022-03-15,263178,1190207
2022-03-16,276390,1236011
2022-03-17,278800,1174532
2022-03-18,261318,1265944
2022-03-19,242424,1127607
2022-03-20,210547,1119066
2022-03-21,259912,1162829
2022-03-22,264569,1220571
2022-03-23,264182,1164437
2022-03-24,262987,1151969
2022-03-25,290719,1146814
2022-03-26,231031,1123878
2022-03-27,218202,1122675
2022-03-28,293304,1218023
2022-03-29,286940,1199899
2022-03-30,272864,1152200
2022-03-31,279210,1167121
2022-04-01,284105,1159493
2022-04-02,254442,1094668
2022-04-03,225564,1060779
2022-04-04,275106,1105170
2022-04-05,273430,1087129
2022-04-06,273640,1127174
2022-04-07,269404,1127793
2022-04-08,266805,1104419
2022-04-09,232792,1085399
2022-04-10,216446,1104239
2022-04-11,276623,1113264
2022-04-12,278839,1112524
2022-04-13,276968,1067983
2022-04-14,265537,1117285
2022-04-15,254831,1110994
2022-04-16,225486,1059286
2022-04-17,207324,1043251
2022-04-18,246421,1103439
2022-04-19,273168,1214496
2022-04-20,285655,1241534
2022-04-21,282438,1119925
2022-04-22,260930,1144822
2022-04-23,234978,1051478
2022-04-24,221992,1071778
2022-04-25,277417,1149227
2022-04-26,273297,1125250
2022-04-27,287105,1161504
2022-04-28,275765,1155514
2022-04-29,286563,1168081
2022-04-30,261630,1211671
2022-05-01,232322,1154787
2022-05-02,272206,1112065
2022-05-03,277895,1077506
2022-05-04,233045,1102254
2022-05-05,315759,1187804
2022-05-06,286887,1116562
2022-05-07,231623,1051489
2022-05-08,233892,1087198
2022-05-09,279511,1158340
2022-05-10,279658,1202934
2022-05-11,262683,1210708
2022-05-12,274204,1327755
2022-05-13,269880,1342405
2022-05-14,290225,1139785
2022-05-15,235433,1089441
2022-05-16,272134,1124352
2022-05-17,278496,1135718
2022-05-18,262907,1177913
2022-05-19,262479,1093367
2022-05-20,267034,1112811
2022-05-21,225225,1094539
2022-05-22,209047,1055644
2022-05-23,265106,1085863
2022-05-24,235866,1100715
2022-05-25,288842,1094639
2022-05-26,262367,1071180
2022-05-27,270453,1093469
2022-05-28,226794,1069802
2022-05-29,207859,1065407
2022-05-30,271819,1070320
2022-05-31,276273,1149142
2022-06-01,272165,1091283
2022-06-02,264901,1092776
2022-06-03,267517,1067485
2022-06-04,218629,1029121
2022-06-05,201341,1007109
2022-06-06,268921,1044319
2022-06-07,263641,1050984
2022-06-08,261597,1042749
2022-06-09,262105,1022462
2022-06-10,261856,1079448
2022-06-11,230002,1031618
2022-06-12,215473,1021635
2022-06-13,272503,1109435
2022-06-14,283231,1086757
2022-06-15,296312,1097000
2022-06-16,251253,1100312
2022-06-17,251574,1110579
2022-06-18,247890,1058336
2022-06-19,199777,1018674
2022-06-20,236636,1042748
2022-06-21,254438,1012862
2022-06-22,255472,988683
2022-06-23,255213,967965
2022-06-24,254348,1019472
2022-06-25,218017,939290
2022-06-26,206755,919721
2022-06-27,258883,994102
2022-06-28,248080,976577
2022-06-29,265079,1005566
2022-06-30,271213,1054433
2022-07-01,271874,1178620
2022-07-02,235096,1189382
2022-07-03,206333,1157052
2022-07-04,240385,1151999
2022-07-05,245829,1182504
2022-07-06,267118,1161432
2022-07-07,281435,1194330
2022-07-08,268331,1192819
2022-07-09,220708,1170747
2022-07-10,199369,1148902
2022-07-11,229482,1146369
2022-07-12,275378,1135896
2022-07-13,222657,1174882
2022-07-14,286894,1189567
2022-07-15,269269,1217596
2022-07-16,226638,1241502
2022-07-17,202157,1245545
2022-07-18,247895,1213565
2022-07-19,279950,1175526
2022-07-20,260195,1191452
2022-07-21,273976,1204397
2022-07-22,263276,1201699
2022-07-23,223744,1144468
2022-07-24,199919,1122303
2022-07-25,253417,1275861
2022-07-26,264861,1679068
2022-07-27,255930,1197448
2022-07-28,287254,1158611
2022-07-29,281608,1192330
2022-07-30,232696,1179749
2022-07-31,209042,1158621
2022-08-01,249610,1342202
2022-08-02,266968,1206185
2022-08-03,282037,1250888
2022-08-04,279707,1459603
2022-08-05,268463,1207188
2022-08-06,237677,1148225
2022-08-07,196161,1166932
2022-08-08,256582,1167115
2022-08-09,256233,1125139
2022-08-10,264566,1160380
2022-08-11,287356,1098707
2022-08-12,273661,1130848
2022-08-13,233308,1106236
2022-08-14,205350,1102367
2022-08-15,241934,1104408
2022-08-16,273896,1086312
2022-08-17,256127,1099261
2022-08-18,291921,1117868
2022-08-19,279910,1093309
2022-08-20,222722,1096088
2022-08-21,205435,1077250
2022-08-22,250534,1059940
2022-08-23,256928,1075718
2022-08-24,256606,1043820
2022-08-25,260460,1074563
2022-08-26,262722,1057768
2022-08-27,225420,1047949
2022-08-28,202109,1025044
2022-08-29,252235,1083202
2022-08-30,262445,1051964
2022-08-31,260425,1035135
2022-09-01,268022,1085160
2022-09-02,270588,1083220
2022-09-03,242597,1035586
2022-09-04,204538,1113119
2022-09-05,250179,1091350
2022-09-06,268125,1076929
2022-09-07,265239,1068296
2022-09-08,262863,1078689
2022-09-09,290849,1093966
2022-09-10,241936,998158
2022-09-11,220361,1024482
2022-09-12,268971,1068969
2022-09-13,260108,1093205
2022-09-14,270309,1109172
2022-09-15,277041,1265640
2022-09-16,261361,1311849
2022-09-17,247863,1322077
2022-09-18,212396,1156893
2022-09-19,253795,1138210
2022-09-20,269773,1149031
2022-09-21,260924,1100130
2022-09-22,245794,1118297
2022-09-23,281419,1119895
2022-09-24,228040,1109206
2022-09-25,212009,1107217
2022-09-26,259311,1141218
2022-09-27,271117,1214294
2022-09-28,264048,1109706
2022-09-29,267342,1129558
2022-09-30,286672,1225886
2022-10-01,241993,1158038
2022-10-02,213646,1163876
2022-10-03,273820,1307142
2022-10-04,278744,1185269
2022-10-05,267021,1169356
2022-10-06,278204,1202667
2022-10-07,270191,1180358
2022-10-08,235498,1180084
2022-10-09,211238,1068531
2022-10-10,258286,1123390
2022-10-11,266451,1130309
2022-10-12,261196,1074204
2022-10-13,281093,1124129
2022-10-14,284648,1071895
2022-10-15,241758,1037870
2022-10-16,212919,980678
2022-10-17,260471,1073063
2022-10-18,257694,1062562
2022-10-19,263517,1088602
2022-10-20,263986,1155589
2022-10-21,270741,1116822
2022-10-22,233097,959417
2022-10-23,217872,1009771
2022-10-24,264486,1039240
2022-10-25,248540,1048003
2022-10-26,306069,1104723
2022-10-27,267995,1111785
2022-10-28,283035,1059633
2022-10-29,252661,1038800
2022-10-30,222138,1033475
2022-10-31,284125,1063248
2022-11-01,276192,1071986
2022-11-02,257467,1015945
2022-11-03,297039,1093977
2022-11-04,281515,1014135
2022-11-05,257198,952067
2022-11-06,223404,962845
2022-11-07,264869,1106711
2022-11-08,295778,1132048
2022-11-09,292265,1219648
2022-11-10,292831,1184632
2022-11-11,284467,1118967
2022-11-12,239254,1033438
2022-11-13,227644,1133442
2022-11-14,242416,1192824
2022-11-15,283090,1136911
2022-11-16,268373,1083796
2022-11-17,248465,1103401
2022-11-18,282091,1008485
2022-11-19,260694,911890
2022-11-20,229923,927233
2022-11-21,270779,963954
2022-11-22,253235,962924
2022-11-23,273997,972566
2022-11-24,254639,990202
2022-11-25,258341,999123
2022-11-26,229735,934988
2022-11-27,222672,881336
2022-11-28,262636,1087721
2022-11-29,271512,1047387
2022-11-30,271416,1026508
2022-12-01,285467,984139
2022-12-02,271725,1032952
2022-12-03,250951,963761
2022-12-04,219810,962172
2022-12-05,274064,1008205
2022-12-06,262438,1049066
2022-12-07,272328,972121
2022-12-08,263838,923887
2022-12-09,265668,1932711
2022-12-10,241668,1103199
2022-12-11,217788,1068092
2022-12-12,262646,1182001
2022-12-13,287224,1151038
2022-12-14,276441,1095120
2022-12-15,276713,1080176
2022-12-16,254176,1153272
2022-12-17,263200,1040618
2022-12-18,212673,916817
2022-12-19,259096,994746
2022-12-20,268893,992470
2022-12-21,272491,1029079
2022-12-22,271181,989565
2022-12-23,273926,1044772
2022-12-24,213339,911507
2022-12-25,205314,836424
2022-12-26,223504,937653
2022-12-27,239359,1025274
2022-12-28,272949,977389
2022-12-29,265955,945627
2022-12-30,291015,944771
2022-12-31,242325,865806
2023-01-01,187516,742785
2023-01-02,229347,920276
2023-01-03,272055,948116
2023-01-04,277936,1046389
2023-01-05,279391,1142818
2023-01-06,276071,1028132
2023-01-07,246679,957607
2023-01-08,228488,1184114
2023-01-09,287347,1093675
2023-01-10,302809,1061055
2023-01-11,287494,1083178
2023-01-12,315980,1085563
2023-01-13,316549,1076328
2023-01-14,309880,1107804
2023-01-15,252086,1000777
2023-01-16,302804,1057284
2023-01-17,308715,1018353
2023-01-18,300045,1118225
2023-01-19,298919,1007125
2023-01-20,295822,1024504
2023-01-21,287860,994076
2023-01-22,250760,889814
2023-01-23,293709,947725
2023-01-24,292970,1032293
2023-01-25,306681,1020705
2023-01-26,296263,1048864
2023-01-27,303179,1100192
2023-01-28,268849,964429
2023-01-29,258583,998228
2023-01-30,309909,1074566
2023-01-31,313500,1086364
2023-02-01,345561,1064236
2023-02-02,340169,1104114
2023-02-03,315951,1072608
2023-02-04,304495,1064597
2023-02-05,254113,1069625
2023-02-06,301977,1077149
2023-02-07,300429,1142836
2023-02-08,316963,1121215
2023-02-09,369499,1082467
2023-02-10,300092,1071635
2023-02-11,277433,961493
2023-02-12,262528,953020
2023-02-13,299329,1054742
2023-02-14,302653,1141796
2023-02-15,325460,1160879
2023-02-16,344711,1138195
2023-02-17,321260,1066755
2023-02-18,276798,972865
2023-02-19,240406,1002399
2023-02-20,270081,1059640
2023-02-21,290457,1084290
2023-02-22,282319,1080839
2023-02-23,290728,1093537
2023-02-24,294562,1095771
2023-02-25,258413,995229
2023-02-26,277103,982721
2023-02-27,292748,1034112
2023-02-28,332358,1044634
2023-03-01,381932,1081357
2023-03-02,330047,1088950
2023-03-03,355273,1092189
2023-03-04,306300,971157
2023-03-05,286638,940858
2023-03-06,316016,1037182
2023-03-07,362082,1035152
2023-03-08,292493,1011772
2023-03-09,336854,1037747
2023-03-10,329334,1065950
2023-03-11,319707,1031282
2023-03-12,265555,974883
2023-03-13,333107,1173725
2023-03-14,327892,1105574
2023-03-15,345059,1076742
2023-03-16,295049,1042763
2023-03-17,338823,1068367
2023-03-18,296890,1023641
2023-03-19,269131,992358
2023-03-20,341288,1123422
2023-03-21,327932,1081542
2023-03-22,297575,1073049
2023-03-23,295245,1077305
2023-03-24,292095,1084231
2023-03-25,290197,1052415
2023-03-26,261243,1011463
2023-03-27,296557,1100122
2023-03-28,316281,1149677
2023-03-29,334637,1165012
2023-03-30,326347,1187924
2023-03-31,308386,1150727
2023-04-01,319646,1020143
2023-04-02,341622,981226
2023-04-03,332870,1052294
2023-04-04,421130,1068725
2023-04-05,346885,1123693
2023-04-06,354019,1036898
2023-04-07,355031,1043552
2023-04-08,318505,924776
2023-04-09,278404,956899
2023-04-10,289625,1016480
2023-04-11,385002,1084502
2023-04-12,338102,1021632
2023-04-13,332042,1094764
2023-04-14,315959,1166392
2023-04-15,276185,1056292
2023-04-16,232268,854249
2023-04-17,316193,1011979
2023-04-18,312522,1070108
2023-04-19,301722,1085066
2023-04-20,296683,1073576
2023-04-21,352218,1009840
2023-04-22,354752,862010
2023-04-23,432760,867666
2023-04-24,360173,940804
2023-04-25,369843,976311
2023-04-26,436461,978121
2023-04-27,418912,939262
2023-04-28,483522,987649
2023-04-29,486031,887098
2023-04-30,568516,974972
2023-05-01,682281,1102060
2023-05-02,457708,1127805
2023-05-03,489559,1117146
2023-05-04,491123,1110210
2023-05-05,411429,1208548
2023-05-06,601134,1145565
2023-05-07,607883,1101487
2023-05-08,575051,1145960
2023-05-09,598256,1126707
2023-05-10,671668,1086375
2023-05-11,546549,1099638
2023-05-12,509159,1070884
2023-05-13,575640,994500
2023-05-14,631677,992354
2023-05-15,526379,1091921
2023-05-16,566462,1072600
2023-05-17,583454,1043585
2023-05-18,476704,1054402
2023-05-19,515474,1073998
2023-05-20,423736,1049772
2023-05-21,486625,1014742
2023-05-22,499281,1075234
2023-05-23,519870,1113165
2023-05-24,405521,1054823
2023-05-25,460167,1062757
2023-05-26,532373,1059510
2023-05-27,471633,982620
2023-05-28,496158,968996
2023-05-29,550324,1082245
2023-05-30,515246,1190789
2023-05-31,421579,1098149
2023-06-01,355986,1071180
2023-06-02,479437,1102996
2023-06-03,381453,1003794
2023-06-04,364020,962454
2023-06-05,359254,1151611
2023-06-06,462072,1095144
2023-06-07,433781,1071257
2023-06-08,407006,1008582
2023-06-09,387084,1046976
2023-06-10,365369,1204433
2023-06-11,399201,1106073
2023-06-12,370634,975959
2023-06-13,410483,952433
2023-06-14,330658,1023424
2023-06-15,423069,1110065
2023-06-16,512202,1146585
2023-06-17,475252,984217
2023-06-18,439868,1001818
2023-06-19,415604,1046350
2023-06-20,447715,1072045
2023-06-21,363280,1091714
2023-06-22,392041,1052333
2023-06-23,374001,1054976
2023-06-24,361437,1004563
2023-06-25,382769,934895
2023-06-26,403979,996984
2023-06-27,434858,1067370
2023-06-28,331278,1094481
2023-06-29,438193,1064346
2023-06-30,445197,1129184
2023-07-01,324274,1015838
2023-07-02,309920,925771
2023-07-03,328114,1061564
2023-07-04,375807,931944
2023-07-05,496227,760586
2023-07-06,392688,914280
2023-07-07,556014,1038341
2023-07-08,573697,1014086
2023-07-09,594265,954379
2023-07-10,507115,1057858
2023-07-11,432293,1091428
2023-07-12,478320,1041317
2023-07-13,375859,1121269
2023-07-14,421666,1110332
2023-07-15,484980,950700
2023-07-16,595145,946750
2023-07-17,428612,1036419
2023-07-18,582684,1175963
2023-07-19,480249,1093783
2023-07-20,400400,1049510
2023-07-21,323847,1110882
2023-07-22,288750,1004374
2023-07-23,559624,977305
2023-07-24,529923,1036300
2023-07-25,462586,990249
2023-07-26,452746,1029348
2023-07-27,413038,998420
2023-07-28,449225,1014601
2023-07-29,423119,991161
2023-07-30,645854,981157
2023-07-31,445666,1048101
2023-08-01,412219,1068108
2023-08-02,390768,1042149
2023-08-03,476007,1049539
2023-08-04,318486,1075359
2023-08-05,500723,1124372
2023-08-06,607275,987506
2023-08-07,427534,1047336
2023-08-08,331194,1098689
2023-08-09,506746,1076595
2023-08-10,358039,1037733
2023-08-11,506538,1050203
2023-08-12,503934,972839
2023-08-13,497112,920802
2023-08-14,568517,1009971
2023-08-15,583063,1056395
2023-08-16,566878,1076026
2023-08-17,502274,1065879
2023-08-18,423207,1081417
2023-08-19,519780,1041484
2023-08-20,612461,943440
2023-08-21,550074,1010718
2023-08-22,420857,1040834
2023-08-23,417822,1045220
2023-08-24,399151,1055235
2023-08-25,425192,1025742
2023-08-26,497513,990794
2023-08-27,413594,907110
2023-08-28,331345,995843
2023-08-29,500301,1019692
2023-08-30,408001,1027316
2023-08-31,437435,1010128
2023-09-01,419548,1006635
2023-09-02,539748,1024172
2023-09-03,625257,1038128
2023-09-04,573196,952440
2023-09-05,462093,994049
2023-09-06,485357,1058940
2023-09-07,537939,1017089
2023-09-08,414799,1014297
2023-09-09,597409,929400
2023-09-10,558395,866548
2023-09-11,459132,1021616
2023-09-12,462328,1092958
2023-09-13,512446,1627860
2023-09-14,576215,1071590
2023-09-15,703692,1002709
2023-09-16,593144,922374
2023-09-17,611220,879624
2023-09-18,635845,979571
2023-09-19,493887,1002911
2023-09-20,551783,1012663
2023-09-21,431540,1131119
2023-09-22,441679,974991
2023-09-23,629617,863503
2023-09-24,441181,883746
2023-09-25,285750,990751
2023-09-26,309789,1041222
2023-09-27,337265,1056862
2023-09-28,378975,1030538
2023-09-29,330269,1024678
2023-09-30,275474,977771
2023-10-01,320516,922694
2023-10-02,344263,1016845
2023-10-03,310664,1002455
2023-10-04,287430,983598
2023-10-05,319310,955796
2023-10-06,298650,993544
2023-10-07,244567,996807
2023-10-08,242440,924403
2023-10-09,283648,993579
2023-10-10,285060,1005950
2023-10-11,264600,1005828
2023-10-12,267090,1004069
2023-10-13,279518,1007291
2023-10-14,265220,898577
2023-10-15,251923,921231
2023-10-16,299782,1027904
2023-10-17,294257,1002389
2023-10-18,271345,1010682
2023-10-19,282007,997931
2023-10-20,295888,1087921
2023-10-21,270621,987400
2023-10-22,252457,980622
2023-10-23,301780,1063574
2023-10-24,373854,1098323
2023-10-25,476549,1081158
2023-10-26,431256,1091779
2023-10-27,452816,1034649
2023-10-28,564383,991315
2023-10-29,410290,1071556
2023-10-30,463202,1094713
2023-10-31,433751,1089606
2023-11-01,463644,1101380
2023-11-02,403541,1045341
2023-11-03,452354,1104674
2023-11-04,698917,1013882
2023-11-05,673375,1034459
2023-11-06,439319,1101645
2023-11-07,450371,1055975
2023-11-08,583201,1066274
2023-11-09,573466,1125199
2023-11-10,523831,1146191
2023-11-11,627529,1107685
2023-11-12,703327,1061494
2023-11-13,428507,1088278
2023-11-14,523422,1050000
2023-11-15,561942,1075386
2023-11-16,628426,1093005
2023-11-17,536644,1084679
2023-11-18,629266,1134614
2023-11-19,710579,983460
2023-11-20,640670,1151945
2023-11-21,522593,1129495
2023-11-22,535829,1142003
2023-11-23,587706,1123339
2023-11-24,623898,1068410
2023-11-25,617234,985612
2023-11-26,578484,989613
2023-11-27,479487,1077314
2023-11-28,447662,1155016
2023-11-29,360588,1151825
2023-11-30,411882,1119717
2023-12-01,496468,1119260
2023-12-02,429362,1210135
2023-12-03,707876,1030989
2023-12-04,570395,1158630
2023-12-05,514962,1197166
2023-12-06,467795,1126986
2023-12-07,372050,1159526
2023-12-08,411456,1182465
2023-12-09,587398,1120555
2023-12-10,536175,1129096
2023-12-11,525486,1087662
2023-12-12,543162,1076667
2023-12-13,587920,1081514
2023-12-14,570985,1157276
2023-12-15,632636,1162222
2023-12-16,638144,1056961
2023-12-17,616808,1081782
2023-12-18,640936,1137970
2023-12-19,662880,1153138
2023-12-20,582506,1246531
2023-12-21,588137,1242003
2023-12-22,625531,1205712
2023-12-23,608479,1121929
2023-12-24,723459,1140411
2023-12-25,535741,1102694
2023-12-26,553693,1116447
2023-12-27,545556,1137685
2023-12-28,417180,1185508
2023-12-29,581449,1110469
2023-12-30,533823,1090893
2023-12-31,731351,1061956
2024-01-01,657752,1101465
2024-01-02,367319,1128657
2024-01-03,502749,1092220
2024-01-04,482557,1116573
2024-01-05,420884,1069252
2024-01-06,382140,994947
2024-01-07,348688,1049831
2024-01-08,414359,1073535
2024-01-09,468088,1078832
2024-01-10,383774,1247106
2024-01-11,449075,1209246
2024-01-12,375872,1209875
2024-01-13,652483,1212202
2024-01-14,591806,1961144
2024-01-15,408499,1154132
2024-01-16,470122,1269778
2024-01-17,449415,1181029
2024-01-18,484017,1204406
2024-01-19,460763,1173934
2024-01-20,563331,1062400
2024-01-21,600202,1119258
2024-01-22,457620,1076456
2024-01-23,368462,1083406
2024-01-24,372499,1080129
2024-01-25,340188,1173661
2024-01-26,493218,1172353
2024-01-27,597446,1147736
2024-01-28,636523,1128110
2024-01-29,575203,1115710
2024-01-30,523509,1190513
2024-01-31,444450,1137621
2024-02-01,413272,1127338
2024-02-02,429732,1108172
2024-02-03,515539,1054604
2024-02-04,336211,1049649
2024-02-05,281482,1120237
2024-02-06,278093,1080846
2024-02-07,427538,1143018
2024-02-08,285101,1052168
2024-02-09,334084,1075272
2024-02-10,399252,1010940
2024-02-11,329938,1027275
2024-02-12,409911,984284
2024-02-13,313178,1102512
2024-02-14,296717,1130386
2024-02-15,303306,1153897
2024-02-16,312782,1179007
2024-02-17,327713,1078511
2024-02-18,343417,1093072
2024-02-19,366108,1146697
2024-02-20,397096,1149756
2024-02-21,369949,1100360
2024-02-22,365090,1082822
2024-02-23,409204,1159988
2024-02-24,340419,1101339
2024-02-25,418801,1102202
2024-02-26,356184,1187460
2024-02-27,387598,1219667
2024-02-28,413800,1227000
2024-02-29,407090,1236458
2024-03-01,419284,1205380
2024-03-02,339311,1210225
2024-03-03,385447,1182830
2024-03-04,361258,1267200
2024-03-05,424347,1303724
2024-03-06,381934,1218992
2024-03-07,436344,1228816
2024-03-08,426928,1212254
2024-03-09,359029,1160185
2024-03-10,368196,1157440
2024-03-11,394098,1245874
2024-03-12,341867,1232719
2024-03-13,390118,1277221
2024-03-14,329706,1300877
2024-03-15,307904,1312102
2024-03-16,355760,1275332
2024-03-17,366109,1204019
2024-03-18,416270,1281387
2024-03-19,463952,1377677
2024-03-20,361515,1370939
2024-03-21,327642,1331198
2024-03-22,339533,1323924
2024-03-23,326610,1297609
2024-03-24,331527,1230758
2024-03-25,317064,1279190
2024-03-26,317742,1315082
2024-03-27,355902,1272273
2024-03-28,428670,1287078
2024-03-29,449421,1304561
2024-03-30,490072,1239605
2024-03-31,319675,1245309
2024-04-01,326410,1245715
2024-04-02,357709,1239577
2024-04-03,372978,1211600
2024-04-04,320607,1234719
2024-04-05,348637,1242174
2024-04-06,433591,1201522
2024-04-07,526130,1177838
2024-04-08,455617,1221235
2024-04-09,453811,1226401
2024-04-10,531054,1207941
2024-04-11,476241,1213672
2024-04-12,448489,1322052
2024-04-13,507173,1162426
2024-04-14,473328,1133064
2024-04-15,503358,1187906
2024-04-16,454669,1178451
2024-04-17,385606,1245968
2024-04-18,418095,1235484
2024-04-19,393190,1182165
2024-04-20,631001,1152540
2024-04-21,641668,1133785
2024-04-22,671771,1178253
2024-04-23,927010,1199365
2024-04-24,606713,1171434
2024-04-25,523070,1186539
2024-04-26,445519,1177416
2024-04-27,452967,1103918
2024-04-28,487521,1140939
2024-04-29,403064,1224677
2024-04-30,498085,1262466
2024-05-01,478881,1206626
2024-05-02,559839,1223696
2024-05-03,442742,1194608
2024-05-04,660263,1163073
2024-05-05,625998,1145911
2024-05-06,519817,1190232
2024-05-07,372643,1231931
2024-05-08,450856,1159221
2024-05-09,517193,1126649
2024-05-10,713791,1154535
2024-05-11,719306,1113685
2024-05-12,557164,1055429
2024-05-13,554780,1163122
2024-05-14,422043,1182521
2024-05-15,493012,1197067
2024-05-16,476659,1218766
2024-05-17,573492,1112590
2024-05-18,401264,1082308
2024-05-19,644119,1022057
2024-05-20,626995,1124081
2024-05-21,545041,1198696
2024-05-22,583279,1188672
2024-05-23,744761,1156304
2024-05-24,736439,1164101
2024-05-25,835040,1157033
2024-05-26,852655,1139013
2024-05-27,551610,1159616
2024-05-28,596790,1105315
2024-05-29,725428,1172771
2024-05-30,510417,1149944
2024-05-31,701471,1175396
2024-06-01,740030,1119675
2024-06-02,729202,1076974
2024-06-03,769224,1152786
2024-06-04,627980,1164380
2024-06-05,562049,1178477
2024-06-06,613472,1154720
2024-06-07,263982,1184232
2024-06-08,509927,1156305
2024-06-09,767920,1142399
2024-06-10,658037,1180168
2024-06-11,463737,1177067
2024-06-12,690560,1224208
2024-06-13,731254,1230853
2024-06-14,604349,1184071
2024-06-15,452945,1137118
2024-06-16,461748,1123092
2024-06-17,441215,1143178
2024-06-18,617202,1147395
2024-06-19,634554,1127592
2024-06-20,532756,1150083
2024-06-21,592843,1263722
2024-06-22,681420,1316624
2024-06-23,492352,1095704
2024-06-24,528326,1158931
2024-06-25,536347,1193832
2024-06-26,490817,1248199
2024-06-27,414624,1173697
2024-06-28,593984,1175815
2024-06-29,712249,1142572
2024-06-30,505127,1122964
2024-07-01,611062,1155552
2024-07-02,592285,1135937
2024-07-03,545044,1151881
2024-07-04,538097,1241195
2024-07-05,490537,1237133
2024-07-06,658042,1137910
2024-07-07,673752,1028463
2024-07-08,593010,1137702
2024-07-09,654037,1151773
2024-07-10,631745,1175636
2024-07-11,642066,1191567
2024-07-12,658355,1187556
2024-07-13,735686,1144551
2024-07-14,586548,1083062
2024-07-15,552901,1156258
2024-07-16,529056,1199035
2024-07-17,615870,1187616
2024-07-18,445574,1182695
2024-07-19,507940,1143619
2024-07-20,680335,1106348
2024-07-21,859629,1110007
2024-07-22,824999,1151384
2024-07-23,838977,1153608
2024-07-24,596458,1134655
2024-07-25,719711,1125280
2024-07-26,459067,1138693
2024-07-27,445730,1073935
2024-07-28,753703,1041777
2024-07-29,826129,1093737
2024-07-30,683096,1167025
2024-07-31,562819,1166240
2024-08-01,544430,1125933
2024-08-02,410113,1087561
2024-08-03,504062,1087774
2024-08-04,524595,1043193
2024-08-05,548857,1133164
2024-08-06,485173,1130468
2024-08-07,380097,1123175
2024-08-08,487399,1097066
2024-08-09,396419,1100553
2024-08-10,548777,1051563
2024-08-11,644814,985147
2024-08-12,450024,1060624
2024-08-13,579618,1088875
2024-08-14,504701,1278666
2024-08-15,660924,1252405
2024-08-16,575811,1111995
2024-08-17,702540,1003438
2024-08-18,769702,1029131
2024-08-19,553394,1042805
2024-08-20,717337,1070613
2024-08-21,687685,1084041
2024-08-22,795102,1093186
2024-08-23,799839,1125193
2024-08-24,794380,1088203
2024-08-25,705838,973412
2024-08-26,600722,1114163
2024-08-27,673811,1132797
2024-08-28,733530,1149274
2024-08-29,524362,1153728
2024-08-30,542101,1133892
2024-08-31,701952,1012648
2024-09-01,651871,1011212
2024-09-02,754904,1086384
2024-09-03,582751,1129081
2024-09-04,722736,1108873
2024-09-05,721251,1121084
2024-09-06,667267,1124382
2024-09-07,781426,1115728
2024-09-08,910083,1085480
2024-09-09,572398,1158357
2024-09-10,568630,1166560
2024-09-11,411402,1170510
2024-09-12,563521,1168620
2024-09-13,419047,1158069
2024-09-14,638989,1095765
2024-09-15,712474,1086732
2024-09-16,504540,1101816
2024-09-17,539113,1144470
2024-09-18,541476,1132760
2024-09-19,455707,1178603
2024-09-20,526390,1156825
2024-09-21,557444,1082726
2024-09-22,628230,1063818
2024-09-23,580102,1135378
2024-09-24,532220,1144263
2024-09-25,503460,1151716
2024-09-26,474766,1151158
2024-09-27,451723,1202550
2024-09-28,507707,1113743
2024-09-29,687427,1116620
2024-09-30,594224,1195210
2024-10-01,632894,1266656
2024-10-02,590981,1156600
2024-10-03,582777,1161490
2024-10-04,561425,1139613
2024-10-05,757575,1099244
2024-10-06,742158,1069768
2024-10-07,717700,1154423
2024-10-08,719458,1156248
2024-10-09,536887,1182083
2024-10-10,746211,1154738
2024-10-11,633252,1227069
2024-10-12,736321,1159085
2024-10-13,648739,1060369
2024-10-14,611683,1173591
2024-10-15,646891,1212877
2024-10-16,708342,1156834
2024-10-17,653027,1247886
2024-10-18,474279,1330449
2024-10-19,735561,1250641
2024-10-20,778073,1177600
2024-10-21,835011,1185104
2024-10-22,700174,1181372
2024-10-23,665187,1137763
2024-10-24,681834,1132267
2024-10-25,524014,1143624
2024-10-26,597744,1098532
2024-10-27,700814,965098
2024-10-28,702824,1053714
2024-10-29,614981,1173025
2024-10-30,682099,1106479
2024-10-31,562237,1085336
2024-11-01,547888,1101047
2024-11-02,544612,1073738
2024-11-03,455402,1114734
2024-11-04,456826,1121115
2024-11-05,465286,1105923
2024-11-06,501641,1195439
2024-11-07,553047,1223300
2024-11-08,497146,1228931
2024-11-09,577368,1154408
2024-11-10,558278,1211713
2024-11-11,462458,1276334
2024-11-12,503677,1288787
2024-11-13,570979,1270183
2024-11-14,503566,1284085
2024-11-15,562223,1244665
2024-11-16,602655,1241006
2024-11-17,598496,1204729
2024-11-18,673308,1229167
2024-11-19,810805,1222473
2024-11-20,664866,1243428
2024-11-21,498512,1266953
2024-11-22,540305,1301173
2024-11-23,444699,1277757
2024-11-24,463289,1207132
2024-11-25,604870,1292463
2024-11-26,475689,1265769
2024-11-27,462119,1275842
2024-11-28,523480,1256719
2024-11-29,341781,1279446
2024-11-30,640943,1232587
2024-12-01,698223,1228535
2024-12-02,311811,1341788
2024-12-03,439519,1349338
2024-12-04,502912,1339995
2024-12-05,512490,1344520
2024-12-06,414643,1330997
2024-12-07,456101,1243988
2024-12-08,420320,1224361
2024-12-09,403264,1329408
2024-12-10,441944,1379827
2024-12-11,481168,1297795
2024-12-12,474978,1350929
2024-12-13,523585,1280204
2024-12-14,517482,1238981
2024-12-15,378527,1199954
2024-12-16,412747,1288678
2024-12-17,419707,1319728
2024-12-18,414366,1288421
2024-12-19,437574,1281658
2024-12-20,398670,1327871
2024-12-21,330225,1257560
2024-12-22,336217,1254501
2024-12-23,292681,1306194
2024-12-24,326570,1263508
2024-12-25,405831,1206212
2024-12-26,298916,1208665
2024-12-27,348241,1240371
2024-12-28,298580,1193108
2024-12-29,419112,1199862
2024-12-30,374721,1240007
2024-12-31,312513,1248109
2025-01-01,292213,1040808
2025-01-02,402440,1086430
2025-01-03,409341,1236060
2025-01-04,432302,1161690
2025-01-05,433954,1142808
2025-01-06,366260,1214663
2025-01-07,352121,1212018
2025-01-08,399976,1200637
2025-01-09,534013,1201934
2025-01-10,408769,1191720
2025-01-11,361190,1120421
2025-01-12,380525,1097434
2025-01-13,408248,1216397
2025-01-14,352684,1228551
2025-01-15,354014,1235101
2025-01-16,375439,1243708
2025-01-17,425661,1244622
2025-01-18,360666,1242402
2025-01-19,388509,1342035
2025-01-20,350291,1389309
2025-01-21,324412,1266425
2025-01-22,432369,1272295
2025-01-23,326010,1272961
2025-01-24,369243,1372877
2025-01-25,338988,1401619
2025-01-26,309651,1224985
2025-01-27,332102,1262797
2025-01-28,305953,1189629
2025-01-29,355332,1173714
2025-01-30,335134,1192475
2025-01-31,328684,1187266
2025-02-01,357439,1128799
2025-02-02,383258,1127284
2025-02-03,360484,1244916
2025-02-04,308619,1330098
2025-02-05,381126,1209086
2025-02-06,428326,1333804
2025-02-07,498394,1330807
2025-02-08,469138,1203788
2025-02-09,385420,1187055
2025-02-10,359522,1356631
2025-02-11,337513,1325846
2025-02-12,386539,1275635
2025-02-13,379906,1321148
2025-02-14,346002,1349547
2025-02-15,306930,1171706
2025-02-16,300091,1129295
2025-02-17,333466,1358017
2025-02-18,422709,1312465
2025-02-19,448569,1257368
2025-02-20,480465,1323505
2025-02-21,459909,1357193
2025-02-22,551849,1185038
2025-02-23,572814,1119166
2025-02-24,514086,1304929
2025-02-25,497063,1397681
2025-02-26,403575,1289180
2025-02-27,325162,1302283
2025-02-28,386183,1342176
2025-03-01,290895,1121214
2025-03-02,264912,1142048
2025-03-03,374224,1328012
2025-03-04,304773,1347191
2025-03-05,309176,1273243
2025-03-06,370349,1339568
2025-03-07,313588,1277137
2025-03-08,292451,1097056
2025-03-09,300380,1123093
2025-03-10,446224,1283100
2025-03-11,376740,1311724
2025-03-12,428828,1221476
2025-03-13,532638,1183406
2025-03-14,439189,1165047
2025-03-15,473428,1002601
2025-03-16,471115,971166
2025-03-17,380493,1139344
2025-03-18,369237,1165679
2025-03-19,441661,1211649
2025-03-20,337973,1210998
2025-03-21,321230,1117996
2025-03-22,413839,1047954
2025-03-23,533755,979935
2025-03-24,483673,1227168
2025-03-25,505859,1243357
2025-03-26,515068,1306796
2025-03-27,437476,1280595
2025-03-28,397685,1296364
2025-03-29,290139,1128659
2025-03-30,305206,1062800
2025-03-31,318279,1317669
2025-04-01,356323,1300318
2025-04-02,399055,1302159
2025-04-03,392043,1292692
2025-04-04,429861,1256395
2025-04-05,293474,1068681
2025-04-06,279475,1113030
2025-04-07,309387,1433231
2025-04-08,363972,1428053
2025-04-09,317312,1426415
2025-04-10,322464,1329892
2025-04-11,405030,1302595
2025-04-12,102801,352989
