date,transactions_bitcoin
2015-08-07,111345
2015-08-08,101512
2015-08-09,90534
2015-08-10,116841
2015-08-11,114741
2015-08-12,117898
2015-08-13,117507
2015-08-14,111255
2015-08-15,94944
2015-08-16,89498
2015-08-17,115049
2015-08-18,119798
2015-08-19,120151
2015-08-20,118230
2015-08-21,113792
2015-08-22,105665
2015-08-23,94529
2015-08-24,125368
2015-08-25,121973
2015-08-26,122852
2015-08-27,120079
2015-08-28,120385
2015-08-29,107489
2015-08-30,98339
2015-08-31,127260
2015-09-01,130410
2015-09-02,150066
2015-09-03,128682
2015-09-04,103973
2015-09-05,124218
2015-09-06,106293
2015-09-07,125467
2015-09-08,125379
2015-09-09,126457
2015-09-10,124951
2015-09-11,180002
2015-09-12,137740
2015-09-13,146048
2015-09-14,166715
2015-09-15,162999
2015-09-16,167269
2015-09-17,259279
2015-09-18,161504
2015-09-19,114851
2015-09-20,109158
2015-09-21,131679
2015-09-22,136784
2015-09-23,131400
2015-09-24,125367
2015-09-25,128166
2015-09-26,115622
2015-09-27,108749
2015-09-28,138570
2015-09-29,140664
2015-09-30,139848
2015-10-01,134327
2015-10-02,139746
2015-10-03,119567
2015-10-04,103531
2015-10-05,125548
2015-10-06,144510
2015-10-07,134931
2015-10-08,140348
2015-10-09,114644
2015-10-10,127005
2015-10-11,104550
2015-10-12,134410
2015-10-13,134878
2015-10-14,141985
2015-10-15,153495
2015-10-16,143286
2015-10-17,135911
2015-10-18,119706
2015-10-19,143969
2015-10-20,146349
2015-10-21,150199
2015-10-22,147402
2015-10-23,143468
2015-10-24,140128
2015-10-25,131488
2015-10-26,116400
2015-10-27,153740
2015-10-28,160175
2015-10-29,161062
2015-10-30,166695
2015-10-31,155400
2015-11-01,152488
2015-11-02,172108
2015-11-03,186362
2015-11-04,204198
2015-11-05,182809
2015-11-06,166893
2015-11-07,151497
2015-11-08,132550
2015-11-09,159836
2015-11-10,161962
2015-11-11,158929
2015-11-12,157847
2015-11-13,154827
2015-11-14,150474
2015-11-15,143369
2015-11-16,158316
2015-11-17,156688
2015-11-18,165269
2015-11-19,154483
2015-11-20,155774
2015-11-21,151035
2015-11-22,129659
2015-11-23,145272
2015-11-24,152324
2015-11-25,151861
2015-11-26,164671
2015-11-27,160235
2015-11-28,165676
2015-11-29,129850
2015-11-30,182648
2015-12-01,178112
2015-12-02,183523
2015-12-03,164774
2015-12-04,173586
2015-12-05,186194
2015-12-06,179712
2015-12-07,192830
2015-12-08,195221
2015-12-09,220323
2015-12-10,212036
2015-12-11,210259
2015-12-12,204141
2015-12-13,189914
2015-12-14,231477
2015-12-15,223998
2015-12-16,220420
2015-12-17,216297
2015-12-18,213847
2015-12-19,213876
2015-12-20,193847
2015-12-21,229444
2015-12-22,222717
2015-12-23,221075
2015-12-24,210228
2015-12-25,180383
2015-12-26,179363
2015-12-27,160271
2015-12-28,173129
2015-12-29,184618
2015-12-30,176447
2015-12-31,155362
2016-01-01,124092
2016-01-02,149038
2016-01-03,142608
2016-01-04,181354
2016-01-05,182371
2016-01-06,172090
2016-01-07,190234
2016-01-08,181407
2016-01-09,179968
2016-01-10,161317
2016-01-11,191196
2016-01-12,194874
2016-01-13,188131
2016-01-14,183182
2016-01-15,183642
2016-01-16,191300
2016-01-17,204128
2016-01-18,213905
2016-01-19,186858
2016-01-20,209071
2016-01-21,222743
2016-01-22,213683
2016-01-23,190400
2016-01-24,201425
2016-01-25,222150
2016-01-26,230523
2016-01-27,229677
2016-01-28,225025
2016-01-29,224394
2016-01-30,194794
2016-01-31,176045
2016-02-01,222398
2016-02-02,241722
2016-02-03,191224
2016-02-04,200661
2016-02-05,225488
2016-02-06,224156
2016-02-07,212190
2016-02-08,224755
2016-02-09,231240
2016-02-10,235527
2016-02-11,220934
2016-02-12,202527
2016-02-13,184675
2016-02-14,186088
2016-02-15,220349
2016-02-16,215940
2016-02-17,227235
2016-02-18,212979
2016-02-19,217436
2016-02-20,215728
2016-02-21,206617
2016-02-22,237696
2016-02-23,244748
2016-02-24,224927
2016-02-25,216290
2016-02-26,203635
2016-02-27,182177
2016-02-28,233436
2016-02-29,265320
2016-03-01,277094
2016-03-02,270206
2016-03-03,221652
2016-03-04,207485
2016-03-05,234992
2016-03-06,161739
2016-03-07,183255
2016-03-08,200298
2016-03-09,190388
2016-03-10,188726
2016-03-11,189816
2016-03-12,168013
2016-03-13,149803
2016-03-14,191341
2016-03-15,202426
2016-03-16,211992
2016-03-17,208319
2016-03-18,206022
2016-03-19,177478
2016-03-20,178143
2016-03-21,199006
2016-03-22,205208
2016-03-23,186808
2016-03-24,190094
2016-03-25,172309
2016-03-26,159049
2016-03-27,160266
2016-03-28,196080
2016-03-29,197409
2016-03-30,201028
2016-03-31,206476
2016-04-01,211922
2016-04-02,183503
2016-04-03,178429
2016-04-04,208929
2016-04-05,216176
2016-04-06,219290
2016-04-07,218463
2016-04-08,214191
2016-04-09,196441
2016-04-10,186954
2016-04-11,230040
2016-04-12,240206
2016-04-13,223506
2016-04-14,227928
2016-04-15,212178
2016-04-16,182004
2016-04-17,192428
2016-04-18,220395
2016-04-19,226511
2016-04-20,216780
2016-04-21,212795
2016-04-22,210976
2016-04-23,185216
2016-04-24,183155
2016-04-25,217564
2016-04-26,250744
2016-04-27,239435
2016-04-28,247957
2016-04-29,261884
2016-04-30,215712
2016-05-01,191430
2016-05-02,223785
2016-05-03,235609
2016-05-04,233691
2016-05-05,229573
2016-05-06,233232
2016-05-07,202062
2016-05-08,189025
2016-05-09,226449
2016-05-10,245721
2016-05-11,234412
2016-05-12,228409
2016-05-13,232146
2016-05-14,211280
2016-05-15,200171
2016-05-16,239809
2016-05-17,238626
2016-05-18,235083
2016-05-19,219145
2016-05-20,209396
2016-05-21,191461
2016-05-22,184348
2016-05-23,222754
2016-05-24,246517
2016-05-25,247841
2016-05-26,220091
2016-05-27,215296
2016-05-28,193054
2016-05-29,178742
2016-05-30,211368
2016-05-31,215249
2016-06-01,234384
2016-06-02,231099
2016-06-03,234669
2016-06-04,196665
2016-06-05,189802
2016-06-06,221171
2016-06-07,231016
2016-06-08,229933
2016-06-09,236353
2016-06-10,228367
2016-06-11,213159
2016-06-12,210711
2016-06-13,251354
2016-06-14,246829
2016-06-15,259202
2016-06-16,267870
2016-06-17,253752
2016-06-18,235317
2016-06-19,218298
2016-06-20,249334
2016-06-21,248164
2016-06-22,235641
2016-06-23,241300
2016-06-24,237625
2016-06-25,206919
2016-06-26,181348
2016-06-27,217029
2016-06-28,212607
2016-06-29,224112
2016-06-30,231960
2016-07-01,205801
2016-07-02,198875
2016-07-03,177127
2016-07-04,213900
2016-07-05,214959
2016-07-06,214691
2016-07-07,215548
2016-07-08,210701
2016-07-09,185405
2016-07-10,162608
2016-07-11,218089
2016-07-12,219034
2016-07-13,216503
2016-07-14,217695
2016-07-15,216081
2016-07-16,182192
2016-07-17,171013
2016-07-18,222835
2016-07-19,222146
2016-07-20,227429
2016-07-21,217606
2016-07-22,221404
2016-07-23,195796
2016-07-24,183890
2016-07-25,239715
2016-07-26,237673
2016-07-27,235603
2016-07-28,234863
2016-07-29,231414
2016-07-30,199484
2016-07-31,192254
2016-08-01,225049
2016-08-02,251098
2016-08-03,241782
2016-08-04,231835
2016-08-05,228244
2016-08-06,195669
2016-08-07,192414
2016-08-08,235295
2016-08-09,231400
2016-08-10,244740
2016-08-11,254515
2016-08-12,232973
2016-08-13,214569
2016-08-14,200174
2016-08-15,202896
2016-08-16,254431
2016-08-17,238003
2016-08-18,239541
2016-08-19,246095
2016-08-20,208224
2016-08-21,184904
2016-08-22,228373
2016-08-23,239021
2016-08-24,235130
2016-08-25,234009
2016-08-26,226767
2016-08-27,191098
2016-08-28,174489
2016-08-29,225282
2016-08-30,252002
2016-08-31,225360
2016-09-01,237466
2016-09-02,225856
2016-09-03,182204
2016-09-04,183244
2016-09-05,227683
2016-09-06,232118
2016-09-07,250809
2016-09-08,227006
2016-09-09,220534
2016-09-10,193320
2016-09-11,180391
2016-09-12,208649
2016-09-13,239886
2016-09-14,231800
2016-09-15,233488
2016-09-16,211128
2016-09-17,215529
2016-09-18,191603
2016-09-19,223540
2016-09-20,244315
2016-09-21,239216
2016-09-22,231227
2016-09-23,223187
2016-09-24,208650
2016-09-25,195642
2016-09-26,230769
2016-09-27,240335
2016-09-28,234995
2016-09-29,242730
2016-09-30,250943
2016-10-01,213930
2016-10-02,192683
2016-10-03,258805
2016-10-04,264662
2016-10-05,266811
2016-10-06,274486
2016-10-07,266324
2016-10-08,250672
2016-10-09,210548
2016-10-10,222996
2016-10-11,263565
2016-10-12,233440
2016-10-13,229703
2016-10-14,239724
2016-10-15,210448
2016-10-16,197876
2016-10-17,237232
2016-10-18,251521
2016-10-19,199083
2016-10-20,270380
2016-10-21,265355
2016-10-22,216708
2016-10-23,191578
2016-10-24,226980
2016-10-25,237030
2016-10-26,223316
2016-10-27,326388
2016-10-28,250876
2016-10-29,229689
2016-10-30,207982
2016-10-31,241778
2016-11-01,246650
2016-11-02,268418
2016-11-03,271998
2016-11-04,248043
2016-11-05,238215
2016-11-06,225786
2016-11-07,274281
2016-11-08,296060
2016-11-09,270095
2016-11-10,271374
2016-11-11,254619
2016-11-12,228886
2016-11-13,219657
2016-11-14,270506
2016-11-15,280352
2016-11-16,289789
2016-11-17,277460
2016-11-18,275925
2016-11-19,249760
2016-11-20,243591
2016-11-21,285793
2016-11-22,285635
2016-11-23,276924
2016-11-24,328538
2016-11-25,315387
2016-11-26,277608
2016-11-27,237389
2016-11-28,298530
2016-11-29,289650
2016-11-30,292654
2016-12-01,239682
2016-12-02,315478
2016-12-03,287988
2016-12-04,245650
2016-12-05,278001
2016-12-06,319762
2016-12-07,310754
2016-12-08,282711
2016-12-09,268815
2016-12-10,250241
2016-12-11,229933
2016-12-12,268662
2016-12-13,291757
2016-12-14,286328
2016-12-15,282685
2016-12-16,279361
2016-12-17,238130
2016-12-18,235789
2016-12-19,282129
2016-12-20,296473
2016-12-21,325677
2016-12-22,314644
2016-12-23,304997
2016-12-24,240820
2016-12-25,197364
2016-12-26,244914
2016-12-27,296546
2016-12-28,305394
2016-12-29,304605
2016-12-30,286818
2016-12-31,250273
2017-01-01,180502
2017-01-02,290951
2017-01-03,301664
2017-01-04,328642
2017-01-05,288501
2017-01-06,346405
2017-01-07,282060
2017-01-08,260101
2017-01-09,269947
2017-01-10,323888
2017-01-11,303058
2017-01-12,295125
2017-01-13,272747
2017-01-14,242269
2017-01-15,235999
2017-01-16,267640
2017-01-17,292697
2017-01-18,297100
2017-01-19,300605
2017-01-20,298377
2017-01-21,263562
2017-01-22,236886
2017-01-23,235530
2017-01-24,278177
2017-01-25,304727
2017-01-26,313755
2017-01-27,263332
2017-01-28,246395
2017-01-29,241627
2017-01-30,247408
2017-01-31,307683
2017-02-01,350560
2017-02-02,259559
2017-02-03,323563
2017-02-04,284778
2017-02-05,292101
2017-02-06,230027
2017-02-07,325268
2017-02-08,308316
2017-02-09,346544
2017-02-10,301789
2017-02-11,262686
2017-02-12,237744
2017-02-13,288290
2017-02-14,315084
2017-02-15,294786
2017-02-16,283203
2017-02-17,319767
2017-02-18,286143
2017-02-19,251721
2017-02-20,282728
2017-02-21,279090
2017-02-22,282194
2017-02-23,325913
2017-02-24,343805
2017-02-25,326521
2017-02-26,265203
2017-02-27,284555
2017-02-28,325414
2017-03-01,315883
2017-03-02,329428
2017-03-03,337310
2017-03-04,265780
2017-03-05,280739
2017-03-06,287731
2017-03-07,327902
2017-03-08,297108
2017-03-09,303632
2017-03-10,308482
2017-03-11,280681
2017-03-12,221110
2017-03-13,273079
2017-03-14,310395
2017-03-15,292434
2017-03-16,327034
2017-03-17,292196
2017-03-18,263530
2017-03-19,269336
2017-03-20,277033
2017-03-21,288055
2017-03-22,316593
2017-03-23,287871
2017-03-24,289521
2017-03-25,242975
2017-03-26,221915
2017-03-27,232291
2017-03-28,294001
2017-03-29,283931
2017-03-30,288788
2017-03-31,259403
2017-04-01,255871
2017-04-02,244203
2017-04-03,288141
2017-04-04,256015
2017-04-05,316555
2017-04-06,290465
2017-04-07,295463
2017-04-08,226959
2017-04-09,238286
2017-04-10,273384
2017-04-11,307893
2017-04-12,278093
2017-04-13,228679
2017-04-14,290208
2017-04-15,270705
2017-04-16,211829
2017-04-17,245184
2017-04-18,303091
2017-04-19,310104
2017-04-20,267915
2017-04-21,330354
2017-04-22,268712
2017-04-23,245039
2017-04-24,222671
2017-04-25,325387
2017-04-26,334471
2017-04-27,297884
2017-04-28,305271
2017-04-29,341319
2017-04-30,281489
2017-05-01,294786
2017-05-02,333161
2017-05-03,295149
2017-05-04,354737
2017-05-05,267193
2017-05-06,363022
2017-05-07,316011
2017-05-08,365096
2017-05-09,332879
2017-05-10,311391
2017-05-11,294743
2017-05-12,317698
2017-05-13,329266
2017-05-14,369098
2017-05-15,329229
2017-05-16,233977
2017-05-17,317527
2017-05-18,288904
2017-05-19,319502
2017-05-20,352805
2017-05-21,326057
2017-05-22,327868
2017-05-23,367710
2017-05-24,338642
2017-05-25,350114
2017-05-26,333340
2017-05-27,331914
2017-05-28,308143
2017-05-29,321638
2017-05-30,347961
2017-05-31,321634
2017-06-01,319709
2017-06-02,271539
2017-06-03,305320
2017-06-04,266044
2017-06-05,289930
2017-06-06,297416
2017-06-07,339720
2017-06-08,307377
2017-06-09,282184
2017-06-10,254993
2017-06-11,222892
2017-06-12,269098
2017-06-13,291776
2017-06-14,287644
2017-06-15,293141
2017-06-16,269937
2017-06-17,236554
2017-06-18,209359
2017-06-19,269774
2017-06-20,269438
2017-06-21,280203
2017-06-22,269685
2017-06-23,259938
2017-06-24,227127
2017-06-25,180719
2017-06-26,261906
2017-06-27,259737
2017-06-28,279811
2017-06-29,231054
2017-06-30,267360
2017-07-01,221856
2017-07-02,196539
2017-07-03,253244
2017-07-04,255483
2017-07-05,237008
2017-07-06,225106
2017-07-07,243614
2017-07-08,220835
2017-07-09,188124
2017-07-10,251722
2017-07-11,265759
2017-07-12,257138
2017-07-13,245895
2017-07-14,227903
2017-07-15,221851
2017-07-16,203165
2017-07-17,230315
2017-07-18,260575
2017-07-19,253768
2017-07-20,230199
2017-07-21,268443
2017-07-22,223358
2017-07-23,181031
2017-07-24,240072
2017-07-25,244036
2017-07-26,237853
2017-07-27,225369
2017-07-28,247207
2017-07-29,211134
2017-07-30,184145
2017-07-31,231012
2017-08-01,131875
2017-08-02,209321
2017-08-03,213017
2017-08-04,235792
2017-08-05,239771
2017-08-06,199627
2017-08-07,249002
2017-08-08,275574
2017-08-09,260955
2017-08-10,257965
2017-08-11,284001
2017-08-12,260521
2017-08-13,263310
2017-08-14,255362
2017-08-15,311002
2017-08-16,274866
2017-08-17,347319
2017-08-18,312250
2017-08-19,266832
2017-08-20,210852
2017-08-21,236772
2017-08-22,196283
2017-08-23,315734
2017-08-24,203805
2017-08-25,208169
2017-08-26,226485
2017-08-27,261891
2017-08-28,223771
2017-08-29,281116
2017-08-30,271466
2017-08-31,280724
2017-09-01,283670
2017-09-02,236811
2017-09-03,195289
2017-09-04,269280
2017-09-05,277948
2017-09-06,276225
2017-09-07,256374
2017-09-08,279488
2017-09-09,217890
2017-09-10,193240
2017-09-11,253492
2017-09-12,256230
2017-09-13,263320
2017-09-14,268068
2017-09-15,292079
2017-09-16,228257
2017-09-17,197683
2017-09-18,218204
2017-09-19,282917
2017-09-20,235723
2017-09-21,255257
2017-09-22,227615
2017-09-23,203861
2017-09-24,185277
2017-09-25,226603
2017-09-26,263648
2017-09-27,257961
2017-09-28,275976
2017-09-29,254438
2017-09-30,212678
2017-10-01,203653
2017-10-02,295002
2017-10-03,282132
2017-10-04,232826
2017-10-05,273243
2017-10-06,283699
2017-10-07,231226
2017-10-08,238385
2017-10-09,296946
2017-10-10,303101
2017-10-11,292459
2017-10-12,293164
2017-10-13,309819
2017-10-14,293140
2017-10-15,283473
2017-10-16,314725
2017-10-17,334438
2017-10-18,329579
2017-10-19,356985
2017-10-20,312409
2017-10-21,312257
2017-10-22,289131
2017-10-23,316096
2017-10-24,347220
2017-10-25,315415
2017-10-26,265827
2017-10-27,246692
2017-10-28,207066
2017-10-29,334025
2017-10-30,316077
2017-10-31,277535
2017-11-01,351529
2017-11-02,341474
2017-11-03,277598
2017-11-04,294121
2017-11-05,251728
2017-11-06,271029
2017-11-07,335636
2017-11-08,301346
2017-11-09,341281
2017-11-10,271745
2017-11-11,194634
2017-11-12,185966
2017-11-13,309299
2017-11-14,271995
2017-11-15,321788
2017-11-16,310396
2017-11-17,306617
2017-11-18,270874
2017-11-19,264855
2017-11-20,336204
2017-11-21,371091
2017-11-22,312033
2017-11-23,352207
2017-11-24,305735
2017-11-25,336689
2017-11-26,329677
2017-11-27,379256
2017-11-28,365977
2017-11-29,398090
2017-11-30,384386
2017-12-01,412908
2017-12-02,326354
2017-12-03,353044
2017-12-04,400686
2017-12-05,405709
2017-12-06,443587
2017-12-07,374917
2017-12-08,385092
2017-12-09,403399
2017-12-10,341420
2017-12-11,368598
2017-12-12,372977
2017-12-13,424579
2017-12-14,490644
2017-12-15,405676
2017-12-16,364222
2017-12-17,391910
2017-12-18,394239
2017-12-19,378622
2017-12-20,370277
2017-12-21,335482
2017-12-22,380648
2017-12-23,308211
2017-12-24,279523
2017-12-25,228926
2017-12-26,247440
2017-12-27,307642
2017-12-28,305053
2017-12-29,353824
2017-12-30,344407
2017-12-31,290422
2018-01-01,241757
2018-01-02,340980
2018-01-03,395963
2018-01-04,425008
2018-01-05,342707
2018-01-06,358847
2018-01-07,368187
2018-01-08,345672
2018-01-09,360265
2018-01-10,347393
2018-01-11,337959
2018-01-12,300091
2018-01-13,265735
2018-01-14,235045
2018-01-15,273623
2018-01-16,303725
2018-01-17,315771
2018-01-18,309495
2018-01-19,243619
2018-01-20,240611
2018-01-21,215622
2018-01-22,245562
2018-01-23,271936
2018-01-24,250423
2018-01-25,236580
2018-01-26,220459
2018-01-27,193578
2018-01-28,213446
2018-01-29,232176
2018-01-30,236609
2018-01-31,204276
2018-02-01,257664
2018-02-02,235918
2018-02-03,194891
2018-02-04,173687
2018-02-05,216363
2018-02-06,244120
2018-02-07,213719
2018-02-08,173289
2018-02-09,177860
2018-02-10,181783
2018-02-11,147208
2018-02-12,186918
2018-02-13,182984
2018-02-14,196417
2018-02-15,198183
2018-02-16,187738
2018-02-17,173789
2018-02-18,159495
2018-02-19,187367
2018-02-20,198455
2018-02-21,205201
2018-02-22,183235
2018-02-23,185193
2018-02-24,154534
2018-02-25,144869
2018-02-26,186474
2018-02-27,219624
2018-02-28,189223
2018-03-01,233744
2018-03-02,195073
2018-03-03,177024
2018-03-04,160231
2018-03-05,201438
2018-03-06,206016
2018-03-07,213978
2018-03-08,196422
2018-03-09,198180
2018-03-10,156228
2018-03-11,150884
2018-03-12,188394
2018-03-13,196140
2018-03-14,191042
2018-03-15,206186
2018-03-16,186979
2018-03-17,154496
2018-03-18,164401
2018-03-19,191528
2018-03-20,195168
2018-03-21,194846
2018-03-22,185187
2018-03-23,179818
2018-03-24,157087
2018-03-25,135274
2018-03-26,187850
2018-03-27,187065
2018-03-28,177521
2018-03-29,192411
2018-03-30,185940
2018-03-31,148617
2018-04-01,135129
2018-04-02,168178
2018-04-03,198919
2018-04-04,185710
2018-04-05,181832
2018-04-06,172889
2018-04-07,154639
2018-04-08,138535
2018-04-09,176563
2018-04-10,186415
2018-04-11,183248
2018-04-12,210879
2018-04-13,217282
2018-04-14,161843
2018-04-15,174031
2018-04-16,196106
2018-04-17,201820
2018-04-18,200740
2018-04-19,213523
2018-04-20,207777
2018-04-21,193975
2018-04-22,171870
2018-04-23,226353
2018-04-24,254493
2018-04-25,213155
2018-04-26,216732
2018-04-27,211119
2018-04-28,203681
2018-04-29,180798
2018-04-30,215107
2018-05-01,199959
2018-05-02,212296
2018-05-03,228521
2018-05-04,219069
2018-05-05,202703
2018-05-06,171761
2018-05-07,205063
2018-05-08,217810
2018-05-09,206579
2018-05-10,208961
2018-05-11,213624
2018-05-12,182054
2018-05-13,158794
2018-05-14,209697
2018-05-15,214779
2018-05-16,208463
2018-05-17,192683
2018-05-18,211496
2018-05-19,173274
2018-05-20,158663
2018-05-21,202647
2018-05-22,203337
2018-05-23,223196
2018-05-24,206825
2018-05-25,196181
2018-05-26,158783
2018-05-27,144304
2018-05-28,189063
2018-05-29,204769
2018-05-30,204077
2018-05-31,209526
2018-06-01,205481
2018-06-02,174497
2018-06-03,163443
2018-06-04,209916
2018-06-05,212901
2018-06-06,206417
2018-06-07,207627
2018-06-08,200379
2018-06-09,171306
2018-06-10,179809
2018-06-11,213196
2018-06-12,214595
2018-06-13,211829
2018-06-14,210029
2018-06-15,205861
2018-06-16,159090
2018-06-17,144908
2018-06-18,196305
2018-06-19,191805
2018-06-20,198889
2018-06-21,198113
2018-06-22,204144
2018-06-23,163295
2018-06-24,158022
2018-06-25,200173
2018-06-26,195404
2018-06-27,188510
2018-06-28,187624
2018-06-29,197881
2018-06-30,181065
2018-07-01,156247
2018-07-02,199294
2018-07-03,216747
2018-07-04,206788
2018-07-05,199600
2018-07-06,200993
2018-07-07,170160
2018-07-08,155685
2018-07-09,206546
2018-07-10,216063
2018-07-11,202603
2018-07-12,203535
2018-07-13,207904
2018-07-14,176475
2018-07-15,161151
2018-07-16,207842
2018-07-17,233966
2018-07-18,238769
2018-07-19,225039
2018-07-20,225529
2018-07-21,184803
2018-07-22,167129
2018-07-23,229480
2018-07-24,259358
2018-07-25,250208
2018-07-26,231679
2018-07-27,229397
2018-07-28,188238
2018-07-29,168407
2018-07-30,230924
2018-07-31,242977
2018-08-01,241044
2018-08-02,224873
2018-08-03,229859
2018-08-04,191657
2018-08-05,172181
2018-08-06,218607
2018-08-07,233045
2018-08-08,235311
2018-08-09,222326
2018-08-10,226148
2018-08-11,192438
2018-08-12,165044
2018-08-13,222229
2018-08-14,247622
2018-08-15,246066
2018-08-16,232335
2018-08-17,233794
2018-08-18,190935
2018-08-19,167400
2018-08-20,214983
2018-08-21,217777
2018-08-22,230333
2018-08-23,217352
2018-08-24,219848
2018-08-25,196420
2018-08-26,172747
2018-08-27,223656
2018-08-28,238039
2018-08-29,237508
2018-08-30,231391
2018-08-31,237076
2018-09-01,213331
2018-09-02,187145
2018-09-03,222897
2018-09-04,232265
2018-09-05,246477
2018-09-06,252261
2018-09-07,230790
2018-09-08,204428
2018-09-09,188912
2018-09-10,222866
2018-09-11,237571
2018-09-12,233275
2018-09-13,234209
2018-09-14,223250
2018-09-15,211071
2018-09-16,179483
2018-09-17,240152
2018-09-18,244259
2018-09-19,251037
2018-09-20,253674
2018-09-21,273051
2018-09-22,225537
2018-09-23,200319
2018-09-24,237670
2018-09-25,252113
2018-09-26,243927
2018-09-27,248686
2018-09-28,254239
2018-09-29,218339
2018-09-30,208210
2018-10-01,242820
2018-10-02,244772
2018-10-03,242303
2018-10-04,243157
2018-10-05,244719
2018-10-06,214843
2018-10-07,219731
2018-10-08,248041
2018-10-09,235862
2018-10-10,244945
2018-10-11,262467
2018-10-12,243174
2018-10-13,205097
2018-10-14,191259
2018-10-15,266945
2018-10-16,257967
2018-10-17,260362
2018-10-18,253450
2018-10-19,253826
2018-10-20,227821
2018-10-21,211505
2018-10-22,255324
2018-10-23,253463
2018-10-24,254091
2018-10-25,254599
2018-10-26,253002
2018-10-27,233749
2018-10-28,219860
2018-10-29,269754
2018-10-30,283327
2018-10-31,288283
2018-11-01,281941
2018-11-02,292704
2018-11-03,249564
2018-11-04,226247
2018-11-05,296283
2018-11-06,285451
2018-11-07,293734
2018-11-08,277597
2018-11-09,283896
2018-11-10,252499
2018-11-11,246991
2018-11-12,300006
2018-11-13,279160
2018-11-14,292755
2018-11-15,291525
2018-11-16,283124
2018-11-17,262649
2018-11-18,239803
2018-11-19,267971
2018-11-20,288450
2018-11-21,254942
2018-11-22,266116
2018-11-23,275261
2018-11-24,250017
2018-11-25,239256
2018-11-26,257062
2018-11-27,268533
2018-11-28,254456
2018-11-29,246226
2018-11-30,250157
2018-12-01,241847
2018-12-02,222673
2018-12-03,240652
2018-12-04,270189
2018-12-05,256501
2018-12-06,279654
2018-12-07,253890
2018-12-08,231104
2018-12-09,238569
2018-12-10,258353
2018-12-11,251487
2018-12-12,261423
2018-12-13,268422
2018-12-14,275801
2018-12-15,262879
2018-12-16,226453
2018-12-17,298823
2018-12-18,266245
2018-12-19,302392
2018-12-20,287273
2018-12-21,280588
2018-12-22,251216
2018-12-23,250739
2018-12-24,272297
2018-12-25,265052
2018-12-26,281305
2018-12-27,300020
2018-12-28,308267
2018-12-29,264980
2018-12-30,267639
2018-12-31,259684
2019-01-01,234725
2019-01-02,271696
2019-01-03,291016
2019-01-04,281772
2019-01-05,265192
2019-01-06,258522
2019-01-07,284782
2019-01-08,318524
2019-01-09,319056
2019-01-10,327338
2019-01-11,308372
2019-01-12,281502
2019-01-13,276997
2019-01-14,326685
2019-01-15,302279
2019-01-16,305702
2019-01-17,296695
2019-01-18,305965
2019-01-19,282188
2019-01-20,294118
2019-01-21,315202
2019-01-22,296040
2019-01-23,293494
2019-01-24,308146
2019-01-25,301085
2019-01-26,288285
2019-01-27,276651
2019-01-28,308062
2019-01-29,326162
2019-01-30,321980
2019-01-31,353945
2019-02-01,339341
2019-02-02,322032
2019-02-03,300171
2019-02-04,335288
2019-02-05,354069
2019-02-06,349596
2019-02-07,353046
2019-02-08,335280
2019-02-09,310892
2019-02-10,299609
2019-02-11,315725
2019-02-12,271573
2019-02-13,352651
2019-02-14,354483
2019-02-15,296729
2019-02-16,332137
2019-02-17,327463
2019-02-18,344274
2019-02-19,348242
2019-02-20,314320
2019-02-21,297595
2019-02-22,350306
2019-02-23,328239
2019-02-24,320446
2019-02-25,336634
2019-02-26,366568
2019-02-27,344560
2019-02-28,367827
2019-03-01,354422
2019-03-02,335864
2019-03-03,353683
2019-03-04,304188
2019-03-05,285716
2019-03-06,277863
2019-03-07,282523
2019-03-08,285264
2019-03-09,239492
2019-03-10,212877
2019-03-11,294741
2019-03-12,285653
2019-03-13,285957
2019-03-14,299929
2019-03-15,296970
2019-03-16,262267
2019-03-17,227290
2019-03-18,291505
2019-03-19,304744
2019-03-20,304960
2019-03-21,300712
2019-03-22,298524
2019-03-23,251573
2019-03-24,226166
2019-03-25,322191
2019-03-26,366415
2019-03-27,383186
2019-03-28,393698
2019-03-29,369817
2019-03-30,377783
2019-03-31,381652
2019-04-01,368904
2019-04-02,401507
2019-04-03,360250
2019-04-04,354660
2019-04-05,387090
2019-04-06,359569
2019-04-07,350631
2019-04-08,372417
2019-04-09,346071
2019-04-10,396501
2019-04-11,402802
2019-04-12,376767
2019-04-13,367076
2019-04-14,337030
2019-04-15,381473
2019-04-16,358517
2019-04-17,350737
2019-04-18,382981
2019-04-19,362128
2019-04-20,319840
2019-04-21,390735
2019-04-22,342014
2019-04-23,311753
2019-04-24,404279
2019-04-25,384089
2019-04-26,381209
2019-04-27,359008
2019-04-28,383291
2019-04-29,363207
2019-04-30,346486
2019-05-01,439549
2019-05-02,452646
2019-05-03,383032
2019-05-04,355910
2019-05-05,330732
2019-05-06,378476
2019-05-07,329943
2019-05-08,393081
2019-05-09,361569
2019-05-10,322963
2019-05-11,344957
2019-05-12,338571
2019-05-13,390428
2019-05-14,367370
2019-05-15,368901
2019-05-16,375062
2019-05-17,361654
2019-05-18,359704
2019-05-19,346859
2019-05-20,381582
2019-05-21,380889
2019-05-22,394887
2019-05-23,389343
2019-05-24,373882
2019-05-25,338398
2019-05-26,374072
2019-05-27,399584
2019-05-28,390427
2019-05-29,405155
2019-05-30,376874
2019-05-31,298997
2019-06-01,332092
2019-06-02,301003
2019-06-03,294009
2019-06-04,374763
2019-06-05,372948
2019-06-06,364526
2019-06-07,350011
2019-06-08,294369
2019-06-09,300917
2019-06-10,353629
2019-06-11,340449
2019-06-12,328464
2019-06-13,364373
2019-06-14,364383
2019-06-15,330954
2019-06-16,295254
2019-06-17,321072
2019-06-18,394843
2019-06-19,401032
2019-06-20,330103
2019-06-21,337741
2019-06-22,354075
2019-06-23,380088
2019-06-24,388342
2019-06-25,361385
2019-06-26,399624
2019-06-27,361050
2019-06-28,407094
2019-06-29,356682
2019-06-30,330731
2019-07-01,336862
2019-07-02,373409
2019-07-03,397554
2019-07-04,370704
2019-07-05,378453
2019-07-06,348674
2019-07-07,313273
2019-07-08,378966
2019-07-09,365588
2019-07-10,315664
2019-07-11,325776
2019-07-12,360899
2019-07-13,304545
2019-07-14,303287
2019-07-15,349111
2019-07-16,363337
2019-07-17,324892
2019-07-18,315745
2019-07-19,299891
2019-07-20,323002
2019-07-21,283934
2019-07-22,319399
2019-07-23,320352
2019-07-24,295589
2019-07-25,336536
2019-07-26,319612
2019-07-27,283892
2019-07-28,272974
2019-07-29,333619
2019-07-30,328375
2019-07-31,361337
2019-08-01,335943
2019-08-02,349556
2019-08-03,327588
2019-08-04,298805
2019-08-05,339136
2019-08-06,368348
2019-08-07,370909
2019-08-08,336181
2019-08-09,341125
2019-08-10,304138
2019-08-11,273280
2019-08-12,297446
2019-08-13,370747
2019-08-14,359997
2019-08-15,355644
2019-08-16,323625
2019-08-17,288256
2019-08-18,276365
2019-08-19,330473
2019-08-20,333304
2019-08-21,308808
2019-08-22,322453
2019-08-23,340220
2019-08-24,304481
2019-08-25,288934
2019-08-26,318219
2019-08-27,325984
2019-08-28,341200
2019-08-29,346734
2019-08-30,349200
2019-08-31,342195
2019-09-01,285468
2019-09-02,327248
2019-09-03,370631
2019-09-04,324741
2019-09-05,352410
2019-09-06,365531
2019-09-07,314429
2019-09-08,288507
2019-09-09,316852
2019-09-10,339858
2019-09-11,338276
2019-09-12,335868
2019-09-13,308856
2019-09-14,299894
2019-09-15,274146
2019-09-16,347341
2019-09-17,343778
2019-09-18,363185
2019-09-19,346110
2019-09-20,340929
2019-09-21,336013
2019-09-22,318713
2019-09-23,288149
2019-09-24,353263
2019-09-25,347747
2019-09-26,355775
2019-09-27,303903
2019-09-28,314433
2019-09-29,285542
2019-09-30,311396
2019-10-01,337244
2019-10-02,326557
2019-10-03,326514
2019-10-04,337222
2019-10-05,326683
2019-10-06,277613
2019-10-07,328803
2019-10-08,336354
2019-10-09,311049
2019-10-10,345048
2019-10-11,345425
2019-10-12,301693
2019-10-13,279487
2019-10-14,304466
2019-10-15,339698
2019-10-16,338473
2019-10-17,334105
2019-10-18,339390
2019-10-19,304736
2019-10-20,289796
2019-10-21,351791
2019-10-22,341464
2019-10-23,349320
2019-10-24,303843
2019-10-25,328598
2019-10-26,305722
2019-10-27,256253
2019-10-28,309611
2019-10-29,307953
2019-10-30,314163
2019-10-31,293779
2019-11-01,316187
2019-11-02,284443
2019-11-03,294367
2019-11-04,310979
2019-11-05,332839
2019-11-06,314698
2019-11-07,324487
2019-11-08,311441
2019-11-09,306163
2019-11-10,299712
2019-11-11,326707
2019-11-12,301382
2019-11-13,318945
2019-11-14,350023
2019-11-15,325145
2019-11-16,283468
2019-11-17,264370
2019-11-18,304671
2019-11-19,327630
2019-11-20,321086
2019-11-21,323954
2019-11-22,310539
2019-11-23,306424
2019-11-24,267368
2019-11-25,279470
2019-11-26,321310
2019-11-27,317597
2019-11-28,309623
2019-11-29,311290
2019-11-30,277458
2019-12-01,274621
2019-12-02,314730
2019-12-03,336512
2019-12-04,337284
2019-12-05,311468
2019-12-06,315386
2019-12-07,285284
2019-12-08,278853
2019-12-09,313629
2019-12-10,320064
2019-12-11,291248
2019-12-12,311795
2019-12-13,322888
2019-12-14,293496
2019-12-15,263441
2019-12-16,327085
2019-12-17,319254
2019-12-18,314249
2019-12-19,319555
2019-12-20,332657
2019-12-21,311118
2019-12-22,281070
2019-12-23,304845
2019-12-24,290436
2019-12-25,244666
2019-12-26,296063
2019-12-27,322204
2019-12-28,298287
2019-12-29,279925
2019-12-30,324497
2019-12-31,293447
2020-01-01,251735
2020-01-02,295567
2020-01-03,316517
2020-01-04,287215
2020-01-05,287779
2020-01-06,299146
2020-01-07,344079
2020-01-08,318019
2020-01-09,322057
2020-01-10,330734
2020-01-11,309070
2020-01-12,283136
2020-01-13,291597
2020-01-14,346953
2020-01-15,332658
2020-01-16,325947
2020-01-17,323992
2020-01-18,287237
2020-01-19,283960
2020-01-20,313661
2020-01-21,315210
2020-01-22,328586
2020-01-23,329918
2020-01-24,313887
2020-01-25,285584
2020-01-26,261247
2020-01-27,279240
2020-01-28,340052
2020-01-29,340562
2020-01-30,332558
2020-01-31,334434
2020-02-01,303724
2020-02-02,290879
2020-02-03,331012
2020-02-04,309190
2020-02-05,368604
2020-02-06,315370
2020-02-07,334938
2020-02-08,318363
2020-02-09,317070
2020-02-10,298104
2020-02-11,365583
2020-02-12,344615
2020-02-13,340081
2020-02-14,326078
2020-02-15,322721
2020-02-16,292236
2020-02-17,341491
2020-02-18,331050
2020-02-19,334805
2020-02-20,316626
2020-02-21,338484
2020-02-22,304597
2020-02-23,285579
2020-02-24,328890
2020-02-25,334593
2020-02-26,329967
2020-02-27,338781
2020-02-28,368590
2020-02-29,307527
2020-03-01,309849
2020-03-02,342821
2020-03-03,342324
2020-03-04,358745
2020-03-05,349529
2020-03-06,338383
2020-03-07,313312
2020-03-08,302694
2020-03-09,348211
2020-03-10,329698
2020-03-11,287492
2020-03-12,349978
2020-03-13,276798
2020-03-14,279828
2020-03-15,223230
2020-03-16,270399
2020-03-17,278326
2020-03-18,231254
2020-03-19,265689
2020-03-20,284594
2020-03-21,245896
2020-03-22,209154
2020-03-23,259816
2020-03-24,278131
2020-03-25,218176
2020-03-26,292828
2020-03-27,276546
2020-03-28,240627
2020-03-29,232820
2020-03-30,276828
2020-03-31,290227
2020-04-01,281855
2020-04-02,299176
2020-04-03,278763
2020-04-04,253274
2020-04-05,240259
2020-04-06,280470
2020-04-07,312770
2020-04-08,286563
2020-04-09,286706
2020-04-10,288585
2020-04-11,247852
2020-04-12,228529
2020-04-13,288113
2020-04-14,299391
2020-04-15,310253
2020-04-16,322903
2020-04-17,284222
2020-04-18,289134
2020-04-19,251984
2020-04-20,310810
2020-04-21,310851
2020-04-22,278755
2020-04-23,329045
2020-04-24,320055
2020-04-25,280805
2020-04-26,252833
2020-04-27,311217
2020-04-28,323475
2020-04-29,331401
2020-04-30,321972
2020-05-01,340574
2020-05-02,286773
2020-05-03,281752
2020-05-04,326098
2020-05-05,329075
2020-05-06,333395
2020-05-07,341986
2020-05-08,323625
2020-05-09,312399
2020-05-10,286789
2020-05-11,305839
2020-05-12,345215
2020-05-13,296796
2020-05-14,268750
2020-05-15,310642
2020-05-16,296555
2020-05-17,236808
2020-05-18,273723
2020-05-19,274897
2020-05-20,280037
2020-05-21,298483
2020-05-22,278784
2020-05-23,269230
2020-05-24,214530
2020-05-25,265875
2020-05-26,295782
2020-05-27,292927
2020-05-28,299910
2020-05-29,280960
2020-05-30,286046
2020-05-31,258427
2020-06-01,308312
2020-06-02,304114
2020-06-03,314000
2020-06-04,318285
2020-06-05,327082
2020-06-06,284873
2020-06-07,252368
2020-06-08,317275
2020-06-09,327074
2020-06-10,325163
2020-06-11,332490
2020-06-12,318274
2020-06-13,280181
2020-06-14,275723
2020-06-15,294468
2020-06-16,340517
2020-06-17,333547
2020-06-18,280603
2020-06-19,347436
2020-06-20,284123
2020-06-21,259440
2020-06-22,301396
2020-06-23,355256
2020-06-24,312321
2020-06-25,312183
2020-06-26,330381
2020-06-27,275489
2020-06-28,264909
2020-06-29,315424
2020-06-30,299733
2020-07-01,382570
2020-07-02,339469
2020-07-03,331009
2020-07-04,288647
2020-07-05,274104
2020-07-06,338767
2020-07-07,345975
2020-07-08,347455
2020-07-09,362718
2020-07-10,345996
2020-07-11,306771
2020-07-12,282364
2020-07-13,310227
2020-07-14,359847
2020-07-15,316064
2020-07-16,345849
2020-07-17,293907
2020-07-18,311022
2020-07-19,277093
2020-07-20,309747
2020-07-21,312871
2020-07-22,364792
2020-07-23,336245
2020-07-24,369432
2020-07-25,293883
2020-07-26,298580
2020-07-27,326769
2020-07-28,354742
2020-07-29,346521
2020-07-30,327789
2020-07-31,356906
2020-08-01,296705
2020-08-02,287869
2020-08-03,333753
2020-08-04,329032
2020-08-05,291814
2020-08-06,356612
2020-08-07,326499
2020-08-08,283631
2020-08-09,268402
2020-08-10,308367
2020-08-11,349952
2020-08-12,346405
2020-08-13,325346
2020-08-14,365679
2020-08-15,313760
2020-08-16,285069
2020-08-17,292944
2020-08-18,346036
2020-08-19,333879
2020-08-20,333683
2020-08-21,314297
2020-08-22,311699
2020-08-23,288728
2020-08-24,329133
2020-08-25,304409
2020-08-26,324184
2020-08-27,328157
2020-08-28,352722
2020-08-29,292783
2020-08-30,269114
2020-08-31,302920
2020-09-01,376508
2020-09-02,317449
2020-09-03,310922
2020-09-04,298286
2020-09-05,325523
2020-09-06,262820
2020-09-07,327662
2020-09-08,332668
2020-09-09,314864
2020-09-10,345981
2020-09-11,308323
2020-09-12,300152
2020-09-13,255110
2020-09-14,354020
2020-09-15,332957
2020-09-16,342609
2020-09-17,348581
2020-09-18,325157
2020-09-19,296357
2020-09-20,259095
2020-09-21,297605
2020-09-22,312989
2020-09-23,349938
2020-09-24,316552
2020-09-25,353070
2020-09-26,276162
2020-09-27,259382
2020-09-28,295476
2020-09-29,347696
2020-09-30,351417
2020-10-01,304757
2020-10-02,315443
2020-10-03,310855
2020-10-04,268019
2020-10-05,294986
2020-10-06,317922
2020-10-07,370554
2020-10-08,330227
2020-10-09,339343
2020-10-10,298486
2020-10-11,256096
2020-10-12,314174
2020-10-13,333215
2020-10-14,314541
2020-10-15,340993
2020-10-16,324647
2020-10-17,275069
2020-10-18,231557
2020-10-19,303929
2020-10-20,330563
2020-10-21,311292
2020-10-22,339087
2020-10-23,323869
2020-10-24,306774
2020-10-25,242273
2020-10-26,252494
2020-10-27,251938
2020-10-28,261340
2020-10-29,276070
2020-10-30,268364
2020-10-31,275796
2020-11-01,276280
2020-11-02,224609
2020-11-03,331673
2020-11-04,320697
2020-11-05,318668
2020-11-06,340351
2020-11-07,270901
2020-11-08,243047
2020-11-09,326383
2020-11-10,303270
2020-11-11,322277
2020-11-12,324855
2020-11-13,300040
2020-11-14,273511
2020-11-15,252715
2020-11-16,311477
2020-11-17,347772
2020-11-18,362007
2020-11-19,311061
2020-11-20,348026
2020-11-21,311189
2020-11-22,271125
2020-11-23,297840
2020-11-24,333293
2020-11-25,361990
2020-11-26,323975
2020-11-27,322445
2020-11-28,293949
2020-11-29,263573
2020-11-30,256551
2020-12-01,378068
2020-12-02,327019
2020-12-03,346921
2020-12-04,318894
2020-12-05,282599
2020-12-06,258624
2020-12-07,300906
2020-12-08,330970
2020-12-09,321079
2020-12-10,313649
2020-12-11,304735
2020-12-12,295410
2020-12-13,276160
2020-12-14,314350
2020-12-15,320440
2020-12-16,315217
2020-12-17,309481
2020-12-18,375549
2020-12-19,343536
2020-12-20,282043
2020-12-21,269834
2020-12-22,324163
2020-12-23,338463
2020-12-24,269559
2020-12-25,303901
2020-12-26,273954
2020-12-27,309005
2020-12-28,308983
2020-12-29,336311
2020-12-30,338258
2020-12-31,344918
2021-01-01,258080
2021-01-02,297111
2021-01-03,359116
2021-01-04,373734
2021-01-05,354091
2021-01-06,397384
2021-01-07,401744
2021-01-08,358526
2021-01-09,321389
2021-01-10,331865
2021-01-11,333958
2021-01-12,336627
2021-01-13,319167
2021-01-14,338809
2021-01-15,344002
2021-01-16,308461
2021-01-17,271874
2021-01-18,313816
2021-01-19,325083
2021-01-20,314809
2021-01-21,290754
2021-01-22,323868
2021-01-23,308276
2021-01-24,253971
2021-01-25,309102
2021-01-26,336935
2021-01-27,323553
2021-01-28,325146
2021-01-29,341036
2021-01-30,312313
2021-01-31,290753
2021-02-01,277579
2021-02-02,367835
2021-02-03,344425
2021-02-04,367788
2021-02-05,360541
2021-02-06,333886
2021-02-07,286364
2021-02-08,335223
2021-02-09,360137
2021-02-10,340758
2021-02-11,304739
2021-02-12,343306
2021-02-13,336624
2021-02-14,295428
2021-02-15,311322
2021-02-16,296388
2021-02-17,317666
2021-02-18,316952
2021-02-19,341586
2021-02-20,320475
2021-02-21,271645
2021-02-22,285383
2021-02-23,287884
2021-02-24,358092
2021-02-25,326116
2021-02-26,306416
2021-02-27,320784
2021-02-28,254316
2021-03-01,280485
2021-03-02,338150
2021-03-03,333402
2021-03-04,289631
2021-03-05,317780
2021-03-06,287963
2021-03-07,260739
2021-03-08,291955
2021-03-09,299682
2021-03-10,344688
2021-03-11,291245
2021-03-12,320744
2021-03-13,277072
2021-03-14,308050
2021-03-15,292231
2021-03-16,319493
2021-03-17,296119
2021-03-18,331718
2021-03-19,316180
2021-03-20,286948
2021-03-21,234936
2021-03-22,297410
2021-03-23,314234
2021-03-24,305093
2021-03-25,318562
2021-03-26,293610
2021-03-27,288259
2021-03-28,248605
2021-03-29,303305
2021-03-30,321090
2021-03-31,332749
2021-04-01,311939
2021-04-02,305788
2021-04-03,281717
2021-04-04,246007
2021-04-05,289046
2021-04-06,309565
2021-04-07,321319
2021-04-08,278534
2021-04-09,324720
2021-04-10,299086
2021-04-11,253449
2021-04-12,291369
2021-04-13,310213
2021-04-14,297494
2021-04-15,359440
2021-04-16,219704
2021-04-17,194580
2021-04-18,274735
2021-04-19,208413
2021-04-20,279977
2021-04-21,226021
2021-04-22,274610
2021-04-23,295731
2021-04-24,290690
2021-04-25,241041
2021-04-26,240687
2021-04-27,298109
2021-04-28,277126
2021-04-29,259465
2021-04-30,289389
2021-05-01,262991
2021-05-02,235214
2021-05-03,287007
2021-05-04,300824
2021-05-05,309774
2021-05-06,311380
2021-05-07,307988
2021-05-08,274691
2021-05-09,247866
2021-05-10,303297
2021-05-11,312115
2021-05-12,300452
2021-05-13,276472
2021-05-14,266055
2021-05-15,232099
2021-05-16,219435
2021-05-17,250910
2021-05-18,221018
2021-05-19,263419
2021-05-20,228039
2021-05-21,226351
2021-05-22,223800
2021-05-23,194320
2021-05-24,234755
2021-05-25,233644
2021-05-26,230753
2021-05-27,214035
2021-05-28,218311
2021-05-29,198332
2021-05-30,179795
2021-05-31,226469
2021-06-01,234561
2021-06-02,250589
2021-06-03,255621
2021-06-04,236672
2021-06-05,194580
2021-06-06,185305
2021-06-07,235479
2021-06-08,246906
2021-06-09,210911
2021-06-10,252983
2021-06-11,216502
2021-06-12,222774
2021-06-13,187098
2021-06-14,242416
2021-06-15,241861
2021-06-16,252937
2021-06-17,237725
2021-06-18,222918
2021-06-19,187042
2021-06-20,167249
2021-06-21,205050
2021-06-22,196523
2021-06-23,232704
2021-06-24,233278
2021-06-25,218245
2021-06-26,181628
2021-06-27,121538
2021-06-28,221000
2021-06-29,205616
2021-06-30,215304
2021-07-01,233683
2021-07-02,188568
2021-07-03,237463
2021-07-04,171850
2021-07-05,223760
2021-07-06,228279
2021-07-07,221227
2021-07-08,230719
2021-07-09,227511
2021-07-10,187263
2021-07-11,166144
2021-07-12,220269
2021-07-13,229916
2021-07-14,236217
2021-07-15,226234
2021-07-16,223466
2021-07-17,182047
2021-07-18,161122
2021-07-19,226803
2021-07-20,230509
2021-07-21,235680
2021-07-22,230282
2021-07-23,231130
2021-07-24,198091
2021-07-25,174535
2021-07-26,261950
2021-07-27,255221
2021-07-28,251223
2021-07-29,262612
2021-07-30,255417
2021-07-31,207348
2021-08-01,185157
2021-08-02,239277
2021-08-03,246198
2021-08-04,239596
2021-08-05,246175
2021-08-06,260810
2021-08-07,212229
2021-08-08,191623
2021-08-09,252660
2021-08-10,260968
2021-08-11,262437
2021-08-12,250961
2021-08-13,260624
2021-08-14,209074
2021-08-15,186239
2021-08-16,263529
2021-08-17,257766
2021-08-18,247333
2021-08-19,253447
2021-08-20,271837
2021-08-21,219407
2021-08-22,190631
2021-08-23,270736
2021-08-24,263984
2021-08-25,263009
2021-08-26,258590
2021-08-27,256813
2021-08-28,218268
2021-08-29,191650
2021-08-30,250955
2021-08-31,271163
2021-09-01,280865
2021-09-02,289900
2021-09-03,283991
2021-09-04,227732
2021-09-05,205066
2021-09-06,268877
2021-09-07,276624
2021-09-08,270483
2021-09-09,274384
2021-09-10,261371
2021-09-11,218445
2021-09-12,192691
2021-09-13,255970
2021-09-14,268127
2021-09-15,268957
2021-09-16,271223
2021-09-17,271040
2021-09-18,227661
2021-09-19,200516
2021-09-20,270233
2021-09-21,244568
2021-09-22,275235
2021-09-23,268689
2021-09-24,277565
2021-09-25,212575
2021-09-26,195560
2021-09-27,255873
2021-09-28,262292
2021-09-29,241991
2021-09-30,293074
2021-10-01,277042
2021-10-02,259961
2021-10-03,218112
2021-10-04,268955
2021-10-05,312538
2021-10-06,267749
2021-10-07,325875
2021-10-08,280028
2021-10-09,246189
2021-10-10,211506
2021-10-11,280184
2021-10-12,274155
2021-10-13,288916
2021-10-14,282383
2021-10-15,297746
2021-10-16,270052
2021-10-17,215883
2021-10-18,285368
2021-10-19,312018
2021-10-20,291813
2021-10-21,320743
2021-10-22,287550
2021-10-23,223941
2021-10-24,211220
2021-10-25,284680
2021-10-26,294029
2021-10-27,292114
2021-10-28,295558
2021-10-29,305733
2021-10-30,252061
2021-10-31,217435
2021-11-01,293282
2021-11-02,297402
2021-11-03,288746
2021-11-04,289141
2021-11-05,285946
2021-11-06,236233
2021-11-07,226128
2021-11-08,285806
2021-11-09,335411
2021-11-10,301025
2021-11-11,293665
2021-11-12,282049
2021-11-13,238634
2021-11-14,224016
2021-11-15,288435
2021-11-16,301103
2021-11-17,290390
2021-11-18,293867
2021-11-19,284719
2021-11-20,249652
2021-11-21,222949
2021-11-22,279165
2021-11-23,283401
2021-11-24,298909
2021-11-25,287496
2021-11-26,292645
2021-11-27,240759
2021-11-28,213768
2021-11-29,301297
2021-11-30,293876
2021-12-01,288422
2021-12-02,313261
2021-12-03,290139
2021-12-04,253674
2021-12-05,215213
2021-12-06,284467
2021-12-07,288343
2021-12-08,266110
2021-12-09,282775
2021-12-10,271375
2021-12-11,225733
2021-12-12,214808
2021-12-13,278211
2021-12-14,278275
2021-12-15,281103
2021-12-16,256206
2021-12-17,263495
2021-12-18,239170
2021-12-19,206719
2021-12-20,266947
2021-12-21,304713
2021-12-22,288495
2021-12-23,291799
2021-12-24,260565
2021-12-25,207803
2021-12-26,198574
2021-12-27,249548
2021-12-28,265422
2021-12-29,276083
2021-12-30,245021
2021-12-31,269540
2022-01-01,186834
2022-01-02,196865
2022-01-03,234793
2022-01-04,274544
2022-01-05,272155
2022-01-06,264899
2022-01-07,255381
2022-01-08,223920
2022-01-09,210143
2022-01-10,266743
2022-01-11,277698
2022-01-12,271933
2022-01-13,274515
2022-01-14,270882
2022-01-15,234373
2022-01-16,216151
2022-01-17,258141
2022-01-18,265057
2022-01-19,270334
2022-01-20,271265
2022-01-21,272348
2022-01-22,250294
2022-01-23,203986
2022-01-24,270712
2022-01-25,265128
2022-01-26,261070
2022-01-27,255925
2022-01-28,264609
2022-01-29,231038
2022-01-30,207173
2022-01-31,263410
2022-02-01,272984
2022-02-02,278985
2022-02-03,265344
2022-02-04,247946
2022-02-05,258646
2022-02-06,219196
2022-02-07,262034
2022-02-08,276850
2022-02-09,265804
2022-02-10,260813
2022-02-11,258595
2022-02-12,228189
2022-02-13,208977
2022-02-14,247592
2022-02-15,273623
2022-02-16,266788
2022-02-17,255573
2022-02-18,261055
2022-02-19,220673
2022-02-20,200535
2022-02-21,237402
2022-02-22,260265
2022-02-23,251275
2022-02-24,254139
2022-02-25,260340
2022-02-26,220423
2022-02-27,211164
2022-02-28,270918
2022-03-01,280634
2022-03-02,288657
2022-03-03,268244
2022-03-04,262101
2022-03-05,225321
2022-03-06,207116
2022-03-07,255441
2022-03-08,255771
2022-03-09,272805
2022-03-10,261553
2022-03-11,252383
2022-03-12,225148
2022-03-13,208092
2022-03-14,259592
2022-03-15,263178
2022-03-16,276390
2022-03-17,278800
2022-03-18,261318
2022-03-19,242424
2022-03-20,210547
2022-03-21,259912
2022-03-22,264569
2022-03-23,264182
2022-03-24,262987
2022-03-25,290719
2022-03-26,231031
2022-03-27,218202
2022-03-28,293304
2022-03-29,286940
2022-03-30,272864
2022-03-31,279210
2022-04-01,284105
2022-04-02,254442
2022-04-03,225564
2022-04-04,275106
2022-04-05,273430
2022-04-06,273640
2022-04-07,269404
2022-04-08,266805
2022-04-09,232792
2022-04-10,216446
2022-04-11,276623
2022-04-12,278839
2022-04-13,276968
2022-04-14,265537
2022-04-15,254831
2022-04-16,225486
2022-04-17,207324
2022-04-18,246421
2022-04-19,273168
2022-04-20,285655
2022-04-21,282438
2022-04-22,260930
2022-04-23,234978
2022-04-24,221992
2022-04-25,277417
2022-04-26,273297
2022-04-27,287105
2022-04-28,275765
2022-04-29,286563
2022-04-30,261630
2022-05-01,232322
2022-05-02,272206
2022-05-03,277895
2022-05-04,233045
2022-05-05,315759
2022-05-06,286887
2022-05-07,231623
2022-05-08,233892
2022-05-09,279511
2022-05-10,279658
2022-05-11,262683
2022-05-12,274204
2022-05-13,269880
2022-05-14,290225
2022-05-15,235433
2022-05-16,272134
2022-05-17,278496
2022-05-18,262907
2022-05-19,262479
2022-05-20,267034
2022-05-21,225225
2022-05-22,209047
2022-05-23,265106
2022-05-24,235866
2022-05-25,288842
2022-05-26,262367
2022-05-27,270453
2022-05-28,226794
2022-05-29,207859
2022-05-30,271819
2022-05-31,276273
2022-06-01,272165
2022-06-02,264901
2022-06-03,267517
2022-06-04,218629
2022-06-05,201341
2022-06-06,268921
2022-06-07,263641
2022-06-08,261597
2022-06-09,262105
2022-06-10,261856
2022-06-11,230002
2022-06-12,215473
2022-06-13,272503
2022-06-14,283231
2022-06-15,296312
2022-06-16,251253
2022-06-17,251574
2022-06-18,247890
2022-06-19,199777
2022-06-20,236636
2022-06-21,254438
2022-06-22,255472
2022-06-23,255213
2022-06-24,254348
2022-06-25,218017
2022-06-26,206755
2022-06-27,258883
2022-06-28,248080
2022-06-29,265079
2022-06-30,271213
2022-07-01,271874
2022-07-02,235096
2022-07-03,206333
2022-07-04,240385
2022-07-05,245829
2022-07-06,267118
2022-07-07,281435
2022-07-08,268331
2022-07-09,220708
2022-07-10,199369
2022-07-11,229482
2022-07-12,275378
2022-07-13,222657
2022-07-14,286894
2022-07-15,269269
2022-07-16,226638
2022-07-17,202157
2022-07-18,247895
2022-07-19,279950
2022-07-20,260195
2022-07-21,273976
2022-07-22,263276
2022-07-23,223744
2022-07-24,199919
2022-07-25,253417
2022-07-26,264861
2022-07-27,255930
2022-07-28,287254
2022-07-29,281608
2022-07-30,232696
2022-07-31,209042
2022-08-01,249610
2022-08-02,266968
2022-08-03,282037
2022-08-04,279707
2022-08-05,268463
2022-08-06,237677
2022-08-07,196161
2022-08-08,256582
2022-08-09,256233
2022-08-10,264566
2022-08-11,287356
2022-08-12,273661
2022-08-13,233308
2022-08-14,205350
2022-08-15,241934
2022-08-16,273896
2022-08-17,256127
2022-08-18,291921
2022-08-19,279910
2022-08-20,222722
2022-08-21,205435
2022-08-22,250534
2022-08-23,256928
2022-08-24,256606
2022-08-25,260460
2022-08-26,262722
2022-08-27,225420
2022-08-28,202109
2022-08-29,252235
2022-08-30,262445
2022-08-31,260425
2022-09-01,268022
2022-09-02,270588
2022-09-03,242597
2022-09-04,204538
2022-09-05,250179
2022-09-06,268125
2022-09-07,265239
2022-09-08,262863
2022-09-09,290849
2022-09-10,241936
2022-09-11,220361
2022-09-12,268971
2022-09-13,260108
2022-09-14,270309
2022-09-15,277041
2022-09-16,261361
2022-09-17,247863
2022-09-18,212396
2022-09-19,253795
2022-09-20,269773
2022-09-21,260924
2022-09-22,245794
2022-09-23,281419
2022-09-24,228040
2022-09-25,212009
2022-09-26,259311
2022-09-27,271117
2022-09-28,264048
2022-09-29,267342
2022-09-30,286672
2022-10-01,241993
2022-10-02,213646
2022-10-03,273820
2022-10-04,278744
2022-10-05,267021
2022-10-06,278204
2022-10-07,270191
2022-10-08,235498
2022-10-09,211238
2022-10-10,258286
2022-10-11,266451
2022-10-12,261196
2022-10-13,281093
2022-10-14,284648
2022-10-15,241758
2022-10-16,212919
2022-10-17,260471
2022-10-18,257694
2022-10-19,263517
2022-10-20,263986
2022-10-21,270741
2022-10-22,233097
2022-10-23,217872
2022-10-24,264486
2022-10-25,248540
2022-10-26,306069
2022-10-27,267995
2022-10-28,283035
2022-10-29,252661
2022-10-30,222138
2022-10-31,284125
2022-11-01,276192
2022-11-02,257467
2022-11-03,297039
2022-11-04,281515
2022-11-05,257198
2022-11-06,223404
2022-11-07,264869
2022-11-08,295778
2022-11-09,292265
2022-11-10,292831
2022-11-11,284467
2022-11-12,239254
2022-11-13,227644
2022-11-14,242416
2022-11-15,283090
2022-11-16,268373
2022-11-17,248465
2022-11-18,282091
2022-11-19,260694
2022-11-20,229923
2022-11-21,270779
2022-11-22,253235
2022-11-23,273997
2022-11-24,254639
2022-11-25,258341
2022-11-26,229735
2022-11-27,222672
2022-11-28,262636
2022-11-29,271512
2022-11-30,271416
2022-12-01,285467
2022-12-02,271725
2022-12-03,250951
2022-12-04,219810
2022-12-05,274064
2022-12-06,262438
2022-12-07,272328
2022-12-08,263838
2022-12-09,265668
2022-12-10,241668
2022-12-11,217788
2022-12-12,262646
2022-12-13,287224
2022-12-14,276441
2022-12-15,276713
2022-12-16,254176
2022-12-17,263200
2022-12-18,212673
2022-12-19,259096
2022-12-20,268893
2022-12-21,272491
2022-12-22,271181
2022-12-23,273926
2022-12-24,213339
2022-12-25,205314
2022-12-26,223504
2022-12-27,239359
2022-12-28,272949
2022-12-29,265955
2022-12-30,291015
2022-12-31,242325
2023-01-01,187516
2023-01-02,229347
2023-01-03,272055
2023-01-04,277936
2023-01-05,279391
2023-01-06,276071
2023-01-07,246679
2023-01-08,228488
2023-01-09,287347
2023-01-10,302809
2023-01-11,287494
2023-01-12,315980
2023-01-13,316549
2023-01-14,309880
2023-01-15,252086
2023-01-16,302804
2023-01-17,308715
2023-01-18,300045
2023-01-19,298919
2023-01-20,295822
2023-01-21,287860
2023-01-22,250760
2023-01-23,293709
2023-01-24,292970
2023-01-25,306681
2023-01-26,296263
2023-01-27,303179
2023-01-28,268849
2023-01-29,258583
2023-01-30,309909
2023-01-31,313500
2023-02-01,345561
2023-02-02,340169
2023-02-03,315951
2023-02-04,304495
2023-02-05,254113
2023-02-06,301977
2023-02-07,300429
2023-02-08,316963
2023-02-09,369499
2023-02-10,300092
2023-02-11,277433
2023-02-12,262528
2023-02-13,299329
2023-02-14,302653
2023-02-15,325460
2023-02-16,344711
2023-02-17,321260
2023-02-18,276798
2023-02-19,240406
2023-02-20,270081
2023-02-21,290457
2023-02-22,282319
2023-02-23,290728
2023-02-24,294562
2023-02-25,258413
2023-02-26,277103
2023-02-27,292748
2023-02-28,332358
2023-03-01,381932
2023-03-02,330047
2023-03-03,355273
2023-03-04,306300
2023-03-05,286638
2023-03-06,316016
2023-03-07,362082
2023-03-08,292493
2023-03-09,336854
2023-03-10,329334
2023-03-11,319707
2023-03-12,265555
2023-03-13,333107
2023-03-14,327892
2023-03-15,345059
2023-03-16,295049
2023-03-17,338823
2023-03-18,296890
2023-03-19,269131
2023-03-20,341288
2023-03-21,327932
2023-03-22,297575
2023-03-23,295245
2023-03-24,292095
2023-03-25,290197
2023-03-26,261243
2023-03-27,296557
2023-03-28,316281
2023-03-29,334637
2023-03-30,326347
2023-03-31,308386
2023-04-01,319646
2023-04-02,341622
2023-04-03,332870
2023-04-04,421130
2023-04-05,346885
2023-04-06,354019
2023-04-07,355031
2023-04-08,318505
2023-04-09,278404
2023-04-10,289625
2023-04-11,385002
2023-04-12,338102
2023-04-13,332042
2023-04-14,315959
2023-04-15,276185
2023-04-16,232268
2023-04-17,316193
2023-04-18,312522
2023-04-19,301722
2023-04-20,296683
2023-04-21,352218
2023-04-22,354752
2023-04-23,432760
2023-04-24,360173
2023-04-25,369843
2023-04-26,436461
2023-04-27,418912
2023-04-28,483522
2023-04-29,486031
2023-04-30,568516
2023-05-01,682281
2023-05-02,457708
2023-05-03,489559
2023-05-04,491123
2023-05-05,411429
2023-05-06,601134
2023-05-07,607883
2023-05-08,575051
2023-05-09,598256
2023-05-10,671668
2023-05-11,546549
2023-05-12,509159
2023-05-13,575640
2023-05-14,631677
2023-05-15,526379
2023-05-16,566462
2023-05-17,583454
2023-05-18,476704
2023-05-19,515474
2023-05-20,423736
2023-05-21,486625
2023-05-22,499281
2023-05-23,519870
2023-05-24,405521
2023-05-25,460167
2023-05-26,532373
2023-05-27,471633
2023-05-28,496158
2023-05-29,550324
2023-05-30,515246
2023-05-31,421579
2023-06-01,355986
2023-06-02,479437
2023-06-03,381453
2023-06-04,364020
2023-06-05,359254
2023-06-06,462072
2023-06-07,433781
2023-06-08,407006
2023-06-09,387084
2023-06-10,365369
2023-06-11,399201
2023-06-12,370634
2023-06-13,410483
2023-06-14,330658
2023-06-15,423069
2023-06-16,512202
2023-06-17,475252
2023-06-18,439868
2023-06-19,415604
2023-06-20,447715
2023-06-21,363280
2023-06-22,392041
2023-06-23,374001
2023-06-24,361437
2023-06-25,382769
2023-06-26,403979
2023-06-27,434858
2023-06-28,331278
2023-06-29,438193
2023-06-30,445197
2023-07-01,324274
2023-07-02,309920
2023-07-03,328114
2023-07-04,375807
2023-07-05,496227
2023-07-06,392688
2023-07-07,556014
2023-07-08,573697
2023-07-09,594265
2023-07-10,507115
2023-07-11,432293
2023-07-12,478320
2023-07-13,375859
2023-07-14,421666
2023-07-15,484980
2023-07-16,595145
2023-07-17,428612
2023-07-18,582684
2023-07-19,480249
2023-07-20,400400
2023-07-21,323847
2023-07-22,288750
2023-07-23,559624
2023-07-24,529923
2023-07-25,462586
2023-07-26,452746
2023-07-27,413038
2023-07-28,449225
2023-07-29,423119
2023-07-30,645854
2023-07-31,445666
2023-08-01,412219
2023-08-02,390768
2023-08-03,476007
2023-08-04,318486
2023-08-05,500723
2023-08-06,607275
2023-08-07,427534
2023-08-08,331194
2023-08-09,506746
2023-08-10,358039
2023-08-11,506538
2023-08-12,503934
2023-08-13,497112
2023-08-14,568517
2023-08-15,583063
2023-08-16,566878
2023-08-17,502274
2023-08-18,423207
2023-08-19,519780
2023-08-20,612461
2023-08-21,550074
2023-08-22,420857
2023-08-23,417822
2023-08-24,399151
2023-08-25,425192
2023-08-26,497513
2023-08-27,413594
2023-08-28,331345
2023-08-29,500301
2023-08-30,408001
2023-08-31,437435
2023-09-01,419548
2023-09-02,539748
2023-09-03,625257
2023-09-04,573196
2023-09-05,462093
2023-09-06,485357
2023-09-07,537939
2023-09-08,414799
2023-09-09,597409
2023-09-10,558395
2023-09-11,459132
2023-09-12,462328
2023-09-13,512446
2023-09-14,576215
2023-09-15,703692
2023-09-16,593144
2023-09-17,611220
2023-09-18,635845
2023-09-19,493887
2023-09-20,551783
2023-09-21,431540
2023-09-22,441679
2023-09-23,629617
2023-09-24,441181
2023-09-25,285750
2023-09-26,309789
2023-09-27,337265
2023-09-28,378975
2023-09-29,330269
2023-09-30,275474
2023-10-01,320516
2023-10-02,344263
2023-10-03,310664
2023-10-04,287430
2023-10-05,319310
2023-10-06,298650
2023-10-07,244567
2023-10-08,242440
2023-10-09,283648
2023-10-10,285060
2023-10-11,264600
2023-10-12,267090
2023-10-13,279518
2023-10-14,265220
2023-10-15,251923
2023-10-16,299782
2023-10-17,294257
2023-10-18,271345
2023-10-19,282007
2023-10-20,295888
2023-10-21,270621
2023-10-22,252457
2023-10-23,301780
2023-10-24,373854
2023-10-25,476549
2023-10-26,431256
2023-10-27,452816
2023-10-28,564383
2023-10-29,410290
2023-10-30,463202
2023-10-31,433751
2023-11-01,463644
2023-11-02,403541
2023-11-03,452354
2023-11-04,698917
2023-11-05,673375
2023-11-06,439319
2023-11-07,450371
2023-11-08,583201
2023-11-09,573466
2023-11-10,523831
2023-11-11,627529
2023-11-12,703327
2023-11-13,428507
2023-11-14,523422
2023-11-15,561942
2023-11-16,628426
2023-11-17,536644
2023-11-18,629266
2023-11-19,710579
2023-11-20,640670
2023-11-21,522593
2023-11-22,535829
2023-11-23,587706
2023-11-24,623898
2023-11-25,617234
2023-11-26,578484
2023-11-27,479487
2023-11-28,447662
2023-11-29,360588
2023-11-30,411882
2023-12-01,496468
2023-12-02,429362
2023-12-03,707876
2023-12-04,570395
2023-12-05,514962
2023-12-06,467795
2023-12-07,372050
2023-12-08,411456
2023-12-09,587398
2023-12-10,536175
2023-12-11,525486
2023-12-12,543162
2023-12-13,587920
2023-12-14,570985
2023-12-15,632636
2023-12-16,638144
2023-12-17,616808
2023-12-18,640936
2023-12-19,662880
2023-12-20,582506
2023-12-21,588137
2023-12-22,625531
2023-12-23,608479
2023-12-24,723459
2023-12-25,535741
2023-12-26,553693
2023-12-27,545556
2023-12-28,417180
2023-12-29,581449
2023-12-30,533823
2023-12-31,731351
2024-01-01,657752
2024-01-02,367319
2024-01-03,502749
2024-01-04,482557
2024-01-05,420884
2024-01-06,382140
2024-01-07,348688
2024-01-08,414359
2024-01-09,468088
2024-01-10,383774
2024-01-11,449075
2024-01-12,375872
2024-01-13,652483
2024-01-14,591806
2024-01-15,408499
2024-01-16,470122
2024-01-17,449415
2024-01-18,484017
2024-01-19,460763
2024-01-20,563331
2024-01-21,600202
2024-01-22,457620
2024-01-23,368462
2024-01-24,372499
2024-01-25,340188
2024-01-26,493218
2024-01-27,597446
2024-01-28,636523
2024-01-29,575203
2024-01-30,523509
2024-01-31,444450
2024-02-01,413272
2024-02-02,429732
2024-02-03,515539
2024-02-04,336211
2024-02-05,281482
2024-02-06,278093
2024-02-07,427538
2024-02-08,285101
2024-02-09,334084
2024-02-10,399252
2024-02-11,329938
2024-02-12,409911
2024-02-13,313178
2024-02-14,296717
2024-02-15,303306
2024-02-16,312782
2024-02-17,327713
2024-02-18,343417
2024-02-19,366108
2024-02-20,397096
2024-02-21,369949
2024-02-22,365090
2024-02-23,409204
2024-02-24,340419
2024-02-25,418801
2024-02-26,356184
2024-02-27,387598
2024-02-28,413800
2024-02-29,407090
2024-03-01,419284
2024-03-02,339311
2024-03-03,385447
2024-03-04,361258
2024-03-05,424347
2024-03-06,381934
2024-03-07,436344
2024-03-08,426928
2024-03-09,359029
2024-03-10,368196
2024-03-11,394098
2024-03-12,341867
2024-03-13,390118
2024-03-14,329706
2024-03-15,307904
2024-03-16,355760
2024-03-17,366109
2024-03-18,416270
2024-03-19,463952
2024-03-20,361515
2024-03-21,327642
2024-03-22,339533
2024-03-23,326610
2024-03-24,331527
2024-03-25,317064
2024-03-26,317742
2024-03-27,355902
2024-03-28,428670
2024-03-29,449421
2024-03-30,490072
2024-03-31,319675
2024-04-01,326410
2024-04-02,357709
2024-04-03,372978
2024-04-04,320607
2024-04-05,348637
2024-04-06,433591
2024-04-07,526130
2024-04-08,455617
2024-04-09,453811
2024-04-10,531054
2024-04-11,476241
2024-04-12,448489
2024-04-13,507173
2024-04-14,473328
2024-04-15,503358
2024-04-16,454669
2024-04-17,385606
2024-04-18,418095
2024-04-19,393190
2024-04-20,631001
2024-04-21,641668
2024-04-22,671771
2024-04-23,927010
2024-04-24,606713
2024-04-25,523070
2024-04-26,445519
2024-04-27,452967
2024-04-28,487521
2024-04-29,403064
2024-04-30,498085
2024-05-01,478881
2024-05-02,559839
2024-05-03,442742
2024-05-04,660263
2024-05-05,625998
2024-05-06,519817
2024-05-07,372643
2024-05-08,450856
2024-05-09,517193
2024-05-10,713791
2024-05-11,719306
2024-05-12,557164
2024-05-13,554780
2024-05-14,422043
2024-05-15,493012
2024-05-16,476659
2024-05-17,573492
2024-05-18,401264
2024-05-19,644119
2024-05-20,626995
2024-05-21,545041
2024-05-22,583279
2024-05-23,744761
2024-05-24,736439
2024-05-25,835040
2024-05-26,852655
2024-05-27,551610
2024-05-28,596790
2024-05-29,725428
2024-05-30,510417
2024-05-31,701471
2024-06-01,740030
2024-06-02,729202
2024-06-03,769224
2024-06-04,627980
2024-06-05,562049
2024-06-06,613472
2024-06-07,263982
2024-06-08,509927
2024-06-09,767920
2024-06-10,658037
2024-06-11,463737
2024-06-12,690560
2024-06-13,731254
2024-06-14,604349
2024-06-15,452945
2024-06-16,461748
2024-06-17,441215
2024-06-18,617202
2024-06-19,634554
2024-06-20,532756
2024-06-21,592843
2024-06-22,681420
2024-06-23,492352
2024-06-24,528326
2024-06-25,536347
2024-06-26,490817
2024-06-27,414624
2024-06-28,593984
2024-06-29,712249
2024-06-30,505127
2024-07-01,611062
2024-07-02,592285
2024-07-03,545044
2024-07-04,538097
2024-07-05,490537
2024-07-06,658042
2024-07-07,673752
2024-07-08,593010
2024-07-09,654037
2024-07-10,631745
2024-07-11,642066
2024-07-12,658355
2024-07-13,735686
2024-07-14,586548
2024-07-15,552901
2024-07-16,529056
2024-07-17,615870
2024-07-18,445574
2024-07-19,507940
2024-07-20,680335
2024-07-21,859629
2024-07-22,824999
2024-07-23,838977
2024-07-24,596458
2024-07-25,719711
2024-07-26,459067
2024-07-27,445730
2024-07-28,753703
2024-07-29,826129
2024-07-30,683096
2024-07-31,562819
2024-08-01,544430
2024-08-02,410113
2024-08-03,504062
2024-08-04,524595
2024-08-05,548857
2024-08-06,485173
2024-08-07,380097
2024-08-08,487399
2024-08-09,396419
2024-08-10,548777
2024-08-11,644814
2024-08-12,450024
2024-08-13,579618
2024-08-14,504701
2024-08-15,660924
2024-08-16,575811
2024-08-17,702540
2024-08-18,769702
2024-08-19,553394
2024-08-20,717337
2024-08-21,687685
2024-08-22,795102
2024-08-23,799839
2024-08-24,794380
2024-08-25,705838
2024-08-26,600722
2024-08-27,673811
2024-08-28,733530
2024-08-29,524362
2024-08-30,542101
2024-08-31,701952
2024-09-01,651871
2024-09-02,754904
2024-09-03,582751
2024-09-04,722736
2024-09-05,721251
2024-09-06,667267
2024-09-07,781426
2024-09-08,910083
2024-09-09,572398
2024-09-10,568630
2024-09-11,411402
2024-09-12,563521
2024-09-13,419047
2024-09-14,638989
2024-09-15,712474
2024-09-16,504540
2024-09-17,539113
2024-09-18,541476
2024-09-19,455707
2024-09-20,526390
2024-09-21,557444
2024-09-22,628230
2024-09-23,580102
2024-09-24,532220
2024-09-25,503460
2024-09-26,474766
2024-09-27,451723
2024-09-28,507707
2024-09-29,687427
2024-09-30,594224
2024-10-01,632894
2024-10-02,590981
2024-10-03,582777
2024-10-04,561425
2024-10-05,757575
2024-10-06,742158
2024-10-07,717700
2024-10-08,719458
2024-10-09,536887
2024-10-10,746211
2024-10-11,633252
2024-10-12,736321
2024-10-13,648739
2024-10-14,611683
2024-10-15,646891
2024-10-16,708342
2024-10-17,653027
2024-10-18,474279
2024-10-19,735561
2024-10-20,778073
2024-10-21,835011
2024-10-22,700174
2024-10-23,665187
2024-10-24,681834
2024-10-25,524014
2024-10-26,597744
2024-10-27,700814
2024-10-28,702824
2024-10-29,614981
2024-10-30,682099
2024-10-31,562237
2024-11-01,547888
2024-11-02,544612
2024-11-03,455402
2024-11-04,456826
2024-11-05,465286
2024-11-06,501641
2024-11-07,553047
2024-11-08,497146
2024-11-09,577368
2024-11-10,558278
2024-11-11,462458
2024-11-12,503677
2024-11-13,570979
2024-11-14,503566
2024-11-15,562223
2024-11-16,602655
2024-11-17,598496
2024-11-18,673308
2024-11-19,810805
2024-11-20,664866
2024-11-21,498512
2024-11-22,540305
2024-11-23,444699
2024-11-24,463289
2024-11-25,604870
2024-11-26,475689
2024-11-27,462119
2024-11-28,523480
2024-11-29,341781
2024-11-30,640943
2024-12-01,698223
2024-12-02,311811
2024-12-03,439519
2024-12-04,502912
2024-12-05,512490
2024-12-06,414643
2024-12-07,456101
2024-12-08,420320
2024-12-09,403264
2024-12-10,441944
2024-12-11,481168
2024-12-12,474978
2024-12-13,523585
2024-12-14,517482
2024-12-15,378527
2024-12-16,412747
2024-12-17,419707
2024-12-18,414366
2024-12-19,437574
2024-12-20,398670
2024-12-21,330225
2024-12-22,336217
2024-12-23,292681
2024-12-24,326570
2024-12-25,405831
2024-12-26,298916
2024-12-27,348241
2024-12-28,298580
2024-12-29,419112
2024-12-30,374721
2024-12-31,312513
2025-01-01,292213
2025-01-02,402440
2025-01-03,409341
2025-01-04,432302
2025-01-05,433954
2025-01-06,366260
2025-01-07,352121
2025-01-08,399976
2025-01-09,534013
2025-01-10,408769
2025-01-11,361190
2025-01-12,380525
2025-01-13,408248
2025-01-14,352684
2025-01-15,354014
2025-01-16,375439
2025-01-17,425661
2025-01-18,360666
2025-01-19,388509
2025-01-20,350291
2025-01-21,324412
2025-01-22,432369
2025-01-23,326010
2025-01-24,369243
2025-01-25,338988
2025-01-26,309651
2025-01-27,332102
2025-01-28,305953
2025-01-29,355332
2025-01-30,335134
2025-01-31,328684
2025-02-01,357439
2025-02-02,383258
2025-02-03,360484
2025-02-04,308619
2025-02-05,381126
2025-02-06,428326
2025-02-07,498394
2025-02-08,469138
2025-02-09,385420
2025-02-10,359522
2025-02-11,337513
2025-02-12,386539
2025-02-13,379906
2025-02-14,346002
2025-02-15,306930
2025-02-16,300091
2025-02-17,333466
2025-02-18,422709
2025-02-19,448569
2025-02-20,480465
2025-02-21,459909
2025-02-22,551849
2025-02-23,572814
2025-02-24,514086
2025-02-25,497063
2025-02-26,403575
2025-02-27,325162
2025-02-28,386183
2025-03-01,290895
2025-03-02,264912
2025-03-03,374224
2025-03-04,304773
2025-03-05,309176
2025-03-06,370349
2025-03-07,313588
2025-03-08,292451
2025-03-09,300380
2025-03-10,446224
2025-03-11,376740
2025-03-12,428828
2025-03-13,532638
2025-03-14,439189
2025-03-15,473428
2025-03-16,471115
2025-03-17,380493
2025-03-18,369237
2025-03-19,441661
2025-03-20,337973
2025-03-21,321230
2025-03-22,413839
2025-03-23,533755
2025-03-24,483673
2025-03-25,505859
2025-03-26,515068
2025-03-27,437476
2025-03-28,397685
2025-03-29,290139
2025-03-30,305206
2025-03-31,318279
2025-04-01,356323
2025-04-02,399055
2025-04-03,392043
2025-04-04,429861
2025-04-05,293474
2025-04-06,279475
2025-04-07,309387
2025-04-08,363972
2025-04-09,317312
2025-04-10,322464
2025-04-11,405030
2025-04-12,102801
